,YEAR,BOOK,AUTHOR,LANGUAGE,CATEGORY
0,2023,Dr. Pranavjyoti Dekar Srestha Galpa ,Pranavjyoti Deka,ASSAMESE,Short Stories
1,2022,Bhool Satya ,Manoj Kumar Goswami,ASSAMESE,Short Stories
2,2021,Iyat Ekhan Aaronya Asil ,Anuradha Sarma Pujari,ASSAMESE,Novel
3,2020,Bengsata ,Apurba Kumar Saikia,ASSAMESE,Short Stories
4,2019,Chanakya ,Joysree Goswami Mahanta,ASSAMESE,Novel
5,2018,Kailoir Dinto Amar Hobo ,Sananta Tanti,ASSAMESE,Poetry
6,2017,Moriahola ,Jayanta Madhab Bora,ASSAMESE,Novel
7,2016,Meghmalar Bhraman ,Jnan Pujari,ASSAMESE,Poetry
8,2015,Akashar Chhabi Aru Anyanya Galpa ,Kula Saikia,ASSAMESE,Short Stories
9,2014,Mariam Astin Athaba Hira Barua,Arupa Patangia Kalita,ASSAMESE,Short Stories
10,2012,Patkair Ipare Mor Desh ,Chandana Goswami,ASSAMESE,Novel
11,2011,Ei Anuragi Ei Udasi ,Kabin Phukan,ASSAMESE,Poetry
12,2010,Asomiya Ramayani Sahitya: Kathabostur Atiguri ,Keshada Mahanta,ASSAMESE,Criticism
13,2009,Katha Ratnakara ,Dhruba Jyoti Bora,ASSAMESE,Novel
14,2008,Deou Langkhui ,Rita Choudhury,ASSAMESE,Novel
15,2007,Santanukulanandan ,Purabi Bormudoi,ASSAMESE,Novel
16,2006,Cheneh Jorir Ganthi ,Atulananda Goswami,ASSAMESE,Short stories
17,2005,Mouna Ounth Mukhar Hriday ,Yeshe Dorje Thongchi,ASSAMESE,Novel
18,2004,Manuh Anukule ,Hirendra Nath Dutta,ASSAMESE,Poetry
19,2003,Anek Manuh Anek Aru Nirjanata ,Bireswar Barua,ASSAMESE,Poetry
20,2002,Mahat Oitiyya ,Nalinidhar Bhattacharyya,ASSAMESE,Criticism
21,2001,Edhani Mahir Hanhi ,Mahim Bora,ASSAMESE,Novel
22,2000,Baghe Tapur Rati ,Apurba Sarma,ASSAMESE,Short stories
23,1999,Biponna Samay ,Medini Choudhury,ASSAMESE,Novel
24,1998,Asirbadar Rang ,Arun Sarma,ASSAMESE,Novel
25,1997,Andharat Nijar Mukh ,Nagen Saikia,ASSAMESE,Short stories
26,1996,Abhijatri ,Nirupama Borgohain,ASSAMESE,Novel
27,1995,Maharathi ,Chandra Prasad Saikia,ASSAMESE,Novel
28,1994,Madhupur Bahudur ,Sheelbhadra Rabati Mohan Datta Choudhury,ASSAMESE,Short stories
29,1993,Mor Je Kiman Hepah ,Keshav Mahanta,ASSAMESE,Poetry
30,1992,Shaichar Pathar Manuh ,Hiren Bhattacharjya,ASSAMESE,Poetry
31,1991,Brahmaputra Ityadi Padya ,Ajit Barua,ASSAMESE,Poetry
32,1990,Snehadevir Ekuki Galpa ,Sneha Devi,ASSAMESE,Short stories
33,1989,Asamiya Jatiya Jivanata Mahapurushiya Parampara ,Hiren Gohain,ASSAMESE,Literary criticism
34,1988,Patal Bahirabi ,Lakshminandan Bora,ASSAMESE,Novel
35,1987,Aan Ejan ,Harekrishna Deka,ASSAMESE,Poetry
36,1986,Benudhar Sarma ,Tirthanath Sarma,ASSAMESE,Biography
37,1985,Krishna Kanta Handiqui Rachna-Sambhar ,Krishnakanta Handiqui,ASSAMESE,Literary criticism
38,1984,Jangam ,Devendra Nath Acharya,ASSAMESE,Novel
39,1983,Sudirgha Din Aru Ritu ,Nirmalprabha Bardoloi,ASSAMESE,Poetry
40,1982,Mamare Dhara Tarowal Aru Dukhan Upanyasa ,Indira Goswami Mamoni Raisom Goswami,ASSAMESE,Novel
41,1981,Kavita ,Nilamani Phookan  Jr.,ASSAMESE,Poetry
42,1980,Prithibir Asukh ,Jogesh Das,ASSAMESE,Short stories
43,1979,Sonali Jahaj ,Bhaben Barua,ASSAMESE,Poetry
44,1978,Pita Putra ,Homen Borgohain,ASSAMESE,Novel
45,1977,Bakul Banar Kavita ,Anand Chandra Barua,ASSAMESE,Poetry
46,1976,Srinkhal ,Bhabendra Nath Saikia,ASSAMESE,Short stories
47,1975,Kaka Deutar Har ,Navakanta Barua,ASSAMESE,Novel
48,1974,Golam ,Saurabh Kumar Chaliha,ASSAMESE,Short stories
49,1972,Aghari Atmar Kahini ,Syed Abdul Malik,ASSAMESE,Novel
50,1970,Mahatmar Pora Rupkonarloi ,Lakshminath Phookan,ASSAMESE,Reminiscenses
51,1969,Manchalekha ,Atul Chandra Hazarika,ASSAMESE,Study of Assamese theatre
52,1968,Alakananda ,Nalinibala Devi,ASSAMESE,Poetry
53,1967,Adhunik Galpa Sahitya ,Trailokyanath Goswami,ASSAMESE,Literary criticism
54,1966,Bedanar Ulka ,Ambikagiri Roychoudhuri,ASSAMESE,Poetry
55,1964,Asamar Lok-Sanskriti ,Birinchi Kumar Barua,ASSAMESE,Study in folk culture
56,1961,Iyaruingam ,Birendra Kumar Bhattacharyya,ASSAMESE,Novel
57,1960,Kangrechar Kachiyali Ra’dat ,Benudhar Sarma,ASSAMESE,Reminiscences
58,1955,Bana Phul ,Jatindranath Dowerah,ASSAMESE,Poetry
59,2023,Jaler Upar Pani ,Swapnamay Chakrabarti,BENGALI,Novel
60,2022,Birbal ,Tapan Bandopadhyay,BENGALI,Novel
61,2021,Mitjafar O Ananya Natale ,Bratya Basu,BENGALI,Play
62,2020,Eka Eka Ekashi ,Sankar Manishankar Mukhopadhyay,BENGALI,Memoirs
63,2019,Ghumer Darja Thele ,Chinmoy Guha,BENGALI,Essays
64,2018,Srikrishner Sesh Kata Din ,Sanjib Chattopadhyay,BENGALI,Story
65,2017,Sei Nikhonj Manusta ,Afsar Ahmed,BENGALI,Novel
66,2016,Mahabharater Astadashi ,Nrisinghaprasad Bhaduri,BENGALI,Essays
67,2015,Shono Jabaphul ,Alok Sarkar,BENGALI,Poetry
68,2014,Piya Mana Bhabe ,Utpal Kumar Basu,BENGALI,Poetry
69,2013,Dwaipayan Hrader Dhare ,Subodh Sarkar,BENGALI,Poetry
70,2012,Birasan ,Subrata Mukhopadhyaya,BENGALI,Novel
71,2011,Bane Aaj Concherto ,Manindra Gupta,BENGALI,Poetry
72,2010,Khanamihire Dhipi ,Bani Basu,BENGALI,Novel
73,2009,Kena Amra Rabindranathke Cha Ebong Kibhave ,Sourin Bhattacharya,BENGALI,Essays
74,2008,Ghumer Barir Mato Chand ,Sarat Kumar Mukhopadhyay,BENGALI,Poetry
75,2007,Amar Samay Alpa ,Samarendra Sengupta,BENGALI,Poetry
76,2006,Dhrubaputra ,Amar Mitra,BENGALI,Novel
77,2005,Haspatale Lekha Kabitaguchha ,Binay Mazumdar,BENGALI,Poetry
78,2004,Baul Fakir Katha ,Sudhir Chattopadhyay,BENGALI,Essay
79,2003,Krantikal ,Prafulla Roy,BENGALI,Novel
80,2002,Ami O Banabehari ,Sandipan Chattopadhyay,BENGALI,Novel
81,2001,Panchashati Galpa ,Atin Bandyopadhyaya,BENGALI,Short stories
82,2000,Pagli Tomar Sange ,Joy Goswami,BENGALI,Poetry
83,1999,Naba-Nita ,Nabaneeta Dev Sen,BENGALI,Prose-Poetry
84,1998,Anubhav ,Dibyendu Palit,BENGALI,Novel
85,1997,Herbert ,Nabarun Bhattacharya,BENGALI,Novel
86,1996,Tal Betal ,Ashok Mitra,BENGALI,Essays
87,1995,Kavita Sangraha ,Naresh Guha,BENGALI,Poetry
88,1994,Aleek Manush ,Syed Mustafa Siraj,BENGALI,Novel
89,1993,Shahjada Darasukoh ,Shyamal Gangopadhyay,BENGALI,Novel
90,1992,Marami Karat ,Alokeranjan Dasgupta,BENGALI,Poetry
91,1991,Sada Kham ,Moti Nandy,BENGALI,Novel
92,1990,Tista Parer Brittanta ,Debes Ray,BENGALI,Novel
93,1989,Manabjamin ,Sirshendu Mukhopadhyay,BENGALI,Novel
94,1988,Bari Badle Jai ,Ramapada Choudhuri,BENGALI,Novel
95,1987,Khujte Khujte Eto Dur ,Arun Mitra,BENGALI,Poetry
96,1986,Rajnagar ,Amiyabhusan Majumdar,BENGALI,Novel
97,1985,Sei Samay ,Sunil Gangopadhyay,BENGALI,Part II
98,1984,Kalbela ,Samaresh Majumdar,BENGALI,Novel
99,1983,Jete Pari Kintu Keno Jabo ,Sakti Chattopadhyay,BENGALI,Poetry
100,1982,Amritasya Putree ,Kamal Das,BENGALI,Novel
101,1981,"Kalikata Darpan, Pt. I ",Radharaman Mitra,BENGALI,Local history and culture
102,1980,Shamba ,Samaresh Basu ‘Kalkut’,BENGALI,Novel
103,1979,Aranyer Adhikar ,Mahasveta Devi,BENGALI,Novel
104,1978,"Vivekananda O Samakalin Bharatvarsha, Vol. I, II and III ",Sankari Prasad Basu,BENGALI,Biography and cultural history
105,1977,Babarer Prarthana ,Sankha Ghosh,BENGALI,Poetry
106,1976,Na Hanyate ,Maitreyee Devi,BENGALI,Novel
107,1975,Asamay ,Bimal Kar,BENGALI,Novel
108,1974,Ulanga Raja ,Nirendranath Chakravarti,BENGALI,Poetry
109,1972,Shesh Namaskar ,Santosh Kumar Ghosh,BENGALI,Novel
110,1971,Manimahesh ,Umaprasad Mukhopadhyay,BENGALI,Travelogue
111,1970,Adhunikata O Rabindranath ,Abu Sayeed Ayyub,BENGALI,Literary criticism
112,1969,Mohini Aral ,Manindra Ray,BENGALI,Poetry
113,1967,Tapasvi O Tarangini ,Buddhadev Bose,BENGALI,Verse Play
114,1966,Nishi-Kutumba ,Manoj Basu,BENGALI,Novel
115,1965,Smriti Satta Bhabishyat ,Bishnu Dey,BENGALI,Poetry
116,1964,Jata Durei Jai ,Subhas Mukhopadhyay,BENGALI,Poetry
117,1963,Ghare Pherar Din ,Amiya Chakravarti,BENGALI,Poetry
118,1962,Japane ,Annada Sankar Ray,BENGALI,Travelogue
119,1961,Bharater Sakti-Sadhana O Sakta Sahitya ,Sashi Bhushan Dasgupta,BENGALI,A study of the Sakti-cult
120,1959,Kolkatar Kachhei ,Gajendra Kumar Mitra,BENGALI,Novel
121,1958,Anandibai Ityadi Galpa ,‘Parashuram’ Rajshekhar Bose,BENGALI,Short stories
122,1957,Sagar Theke Phera ,Premendra Mitra,BENGALI,Poetry
123,1956,Arogya Niketan ,Tarashankar Bandyopadhyay,BENGALI,Novel
124,1955,Shreshtha Kavita ,Jibanananda Das,BENGALI,Poetry
125,2023,Jiu-Safarni Dakhwn ,Nandeswar Daimari,BODO (Since 2005),Short Stories
126,2022,Sansrini Modira ,Rashmi Choudhury,BODO (Since 2005),Poetry
127,2021,Khora Sayao Arw Himalay ,Mwdai Gahai,BODO (Since 2005),Poetry
128,2020,Gwthenay Lamayao Gwdan Agan ,late Dharanidhar Owari,BODO (Since 2005),Short Stories
129,2019,Akhai Athumniphrai ,Phukan Ch. Basumatary,BODO (Since 2005),Poetry
130,2018,Dwngse Lama ,Rituraj Basumatary,BODO (Since 2005),Short Stories
131,2017,Thwisam ,Rita Boro,BODO (Since 2005),Novel
132,2016,Ang Maboroi Dong Dasong ,Anju Anjali Narzary,BODO (Since 2005),Poetry
133,2015,Baidi Dengkhw Baidi Gab ,Brajendra Kumar Brahma,BODO (Since 2005),Poetry
134,2014,Udangnifrai Gidingfinnanei ,Urkhao Gwra Brahma,BODO (Since 2005),Poetry
135,2013,Delphini Onthai Mwdai Arw Gubun Gubun Khonthai ,Anil Boro,BODO (Since 2005),Poetry
136,2012,Boro Khonthai ,Guneswar Musahary,BODO (Since 2005),Poetry
137,2011,Okhafwrni Dwima ,Premananda Mosahari,BODO (Since 2005),Poetry
138,2010,Swdwbni Swler ,Aurobindo Uzir,BODO (Since 2005),Poetry
139,2009,Dainee? ,Manoranjan Lahar,BODO (Since 2005),Novel
140,2008,Birgwsrini Thungri ,Bidyasaqar Narzary,BODO (Since 2005),Novel
141,2007,Dumphaoni Phitha ,Janil Kumar Brahma,BODO (Since 2005),Short Stories
142,2006,Sanmwkhangari Lamajwng ,Katindra Swargiary,BODO (Since 2005),Novel
143,2005,Jiuni Mwgthang Bisombi Arw Aroj ,Mangalshingh Hazowary,BODO (Since 2005),Poetry
144,2023,Daun Sadiyan Ek Seer ,Vijay Verma,DOGRI (Since 1970),Poetry-Ghazal
145,2022,Chhe Roopak ,Veena Gupta,DOGRI (Since 1970),Drama
146,2021,Namme Tunnel ,Raj Rahi,DOGRI (Since 1970),Short Stories
147,2020,Baba Jitmal ,Gian Singh,DOGRI (Since 1970),Play
148,2019,Bandralta Darpan ,Om Sharma Jandriari,DOGRI (Since 1970),Essays
149,2018,Bhagirath ,lnderjeet Kesar,DOGRI (Since 1970),Novel
150,2017,Banna ,Shiv Mehta,DOGRI (Since 1970),Short Stories
151,2016,Cheta ,Chhatrapal,DOGRI (Since 1970),Short Stories
152,2015,Parchhamen Di Lo ,Dhian Singh,DOGRI (Since 1970),Poetry
153,2014,Hashiye Par ,Shailender Singh,DOGRI (Since 1970),Novel
154,2013,Doha Satsai ,Sitaram Sapolia,DOGRI (Since 1970),Poetry
155,2012,Tim-Tim Karde Tare ,Bal Krishan ‘Bhaura’,DOGRI (Since 1970),Poetry
156,2011,Cheten Diyan Galiyan ,Lalit Magotra,DOGRI (Since 1970),Essays
157,2010,Pandran Kahaniyan ,Manoj,DOGRI (Since 1970),Short Stories
158,2009,Geet Sarovar ,Praduman Singh Jindrahia,DOGRI (Since 1970),Poetry
159,2008,Cheten Di Rhol ,Champa Sharma,DOGRI (Since 1970),Poetry
160,2007,Mahatma Vidur ,Gian Singh Pagoch,DOGRI (Since 1970),Epic
161,2006,Kore kaakal Korian Talian ,Darshan Darshi,DOGRI (Since 1970),Poetry
162,2005,Dhaldi Dhuppe Da Sek ,Krishan Sharma,DOGRI (Since 1970),Short Stories
163,2004,Cheten Di Chitabri ,Shiv Nath,DOGRI (Since 1970),Essays
164,2003,Jhull Bada Dea Pattara ,Ashwani Magotra,DOGRI (Since 1970),Poetry
165,2002,Trip Trip Chete ,Om Vidyarthi,DOGRI (Since 1970),Travelogue
166,2001,Nighe Rang ,Verinder Kesar,DOGRI (Since 1970),Poetry
167,2000,Meel Patthar ,Bandhu Sharma,DOGRI (Since 1970),Short stories
168,1999,Mangwi Pashakri ,Kuldeep Singh Jindhrahia,DOGRI (Since 1970),Poetry
169,1997,Bakhre Bakhre Sach ,Shiv Dev Singh Sushil,DOGRI (Since 1970),Novel
170,1996,Baddali Kalave ,Gianeshwar,DOGRI (Since 1970),Poetry
171,1995,Lalsa ,Abhishap,DOGRI (Since 1970),Poetry
172,1994,Buddh Suhagan ,Jitendra Sharma,DOGRI (Since 1970),Plays
173,1992,Jo Tere Man-Chitta Laggi Ja ,Yash Sharma,DOGRI (Since 1970),Poetry
174,1991,Apni Daphli Apna Raag ,Mohan Singh,DOGRI (Since 1970),Plays
175,1990,Jeevan Lehran ,Tara Smailpuri,DOGRI (Since 1970),Poetry
176,1989,Sodh Samundaren Di ,Mohanlal Sapolia,DOGRI (Since 1970),Poetry
177,1988,Rattu Da Chanan ,Ram Lal Sharma,DOGRI (Since 1970),Poetry
178,1987,Beddan Dharti Di ,Prakash Premi,DOGRI (Since 1970),Epic
179,1986,Sunee Di Chiree ,Om Goswami,DOGRI (Since 1970),Short stories
180,1985,Ayodhya ,Dinoo Bhai Pant,DOGRI (Since 1970),Play
181,1984,Gamlen De Cactus ,Shiv Ram ‘Deep’,DOGRI (Since 1970),Poetry
182,1983,Aale ,Ved Rahi,DOGRI (Since 1970),Short stories
183,1982,Qaidi ,Deshbandhu Dogra ‘Nutan,DOGRI (Since 1970),Novel
184,1981,Ek Shehr Yaaden Da ,Jitendra Udhampuri,DOGRI (Since 1970),Poetry
185,1980,Ghar ,Kunwar Viyogi,DOGRI (Since 1970),Poetry
186,1979,Nanga Rukh ,O.P. Sharma ‘Sarathi’,DOGRI (Since 1970),Novel
187,1978,Sanjhi Dharti Bakhle Mahnu ,Narsingh Dev Jamwal,DOGRI (Since 1970),Novel
188,1977,Main Mele Ra Janun ,Kehri Singh ‘Madhukar’,DOGRI (Since 1970),Poetry
189,1976,Badnami Di Chhan ,Ram Nath Shastri,DOGRI (Since 1970),Short stories
190,1975,Mere Dogri Geet ,Krishna Smailpuri,DOGRI (Since 1970),Poetry
191,1974,"Duddh, Lahoo, Zahar ",Madan Mohan Sharma,DOGRI (Since 1970),Short stories
192,1972,Phull Bina Dali ,Srivats Vikal,DOGRI (Since 1970),Novel
193,1971,Meri Kavita Mere Geet ,Padma Sachdev,DOGRI (Since 1970),Poetry
194,1970,Nila Ambar Kale Badal ,Narendra Khajuria,DOGRI (Since 1970),Short stories
195,2023,Requiem in Raga Janki ,Neelum Saran Gour,ENGLISH,Novel
196,2022,All The Lives We Never Lived ,Anuradha Roy,ENGLISH,Novel
197,2021,Things to Leave Behind ,Namita Gokha1e,ENGLISH,Novel
198,2020,When God Is a Traveller ,Arundhathi Subramaniam,ENGLISH,Poetry
199,2019,An era of Darkness ,Shashi Tharoor,ENGLISH,Non-Fiction
200,2018,The Blind Lady's Descendants ,Anees Salim,ENGLISH,Novel
201,2017,The Black Hill ,Mamang Dai,ENGLISH,Novel
202,2016,Em and the big Hoom ,Jerry Pinto,ENGLISH,Novel
203,2015,Chronicle of a Corpse Bearer ,Cyrus Mistry,ENGLISH,Novel
204,2014,Trying to Say Goodbye ,Adil Jussawalla,ENGLISH,Poetry
205,2013,Laburnum For My Head ,Temsula Ao,ENGLISH,Short Stories
206,2012,These Errors Are Correct ,Jeet Thayil,ENGLISH,Poetry
207,2011,India After Gandhi ,Ramachandra Guha,ENGLISH,Narrative History
208,2010,Book of Rachel ,Esther David,ENGLISH,Novel
209,2009,The Mahabharata : An Inquiry in the Human Condition ,Badrinath Chaturvedi,ENGLISH,Critical Analysis
210,2007,Disorderly Women ,Malathi Rao,ENGLISH,Novel
211,2006,The Sari Shop ,Rupa Bajwa,ENGLISH,Novel
212,2005,The Algebra of Infinite Justice ,Arundhati Roy,ENGLISH,Essays
213,2004,The Mammaries of The Walfare State ,Upamanyu Chatterjee,ENGLISH,Novel
214,2003,The Perishable Empire : Essays On Indian Writing in English ,Meenakshi Mukherjee,ENGLISH,Essays
215,2002,A New World ,Amit Chaudhuri,ENGLISH,Novel
216,2001,Rajaji: A Life ,Rajmohan Gandhi,ENGLISH,Biography
217,2000,Cuckold ,Kiran Nagarkar,ENGLISH,Novel
218,1999,The Collected Poems of A.K. Ramanujan ,A.K. Ramanujan,ENGLISH,Poetry
219,1998,Final Solutions and other Plays ,Mahesh Dattani,ENGLISH,Plays
220,1996,Memories of Rain ,Sunetra Gupta,ENGLISH,Novel
221,1994,Serendip ,Dom Moraes,ENGLISH,Poetry
222,1993,After Amnesia: Tradition and Change in Indian Literary Criticism ,G.N. Devy,ENGLISH,Criticism
223,1992,Our Trees Still Grow in Dehra ,Ruskin Bond,ENGLISH,Short stories
224,1991,The Trotter-Nama ,I. Allan Sealy,ENGLISH,Novel
225,1990,That Long Silence ,Shashi Deshpande,ENGLISH,Novel
226,1989,The Shadow Lines ,Amitav Ghosh,ENGLISH,Novel
227,1988,The Golden Gate ,Vikram Seth,ENGLISH,Novel in verse
228,1987,Trapfalls in the Sky ,Shiv K. Kumar,ENGLISH,Poetry
229,1986,Rich Like Us ,Nayantara Sahgal,ENGLISH,Novel
230,1985,Collected Poems ,Kamala Das,ENGLISH,Poetry
231,1984,The Keeper of the Dead ,Keki N. Daruwalla,ENGLISH,Poetry
232,1983,Latter-Day Psalms ,Nissim Ezekiel,ENGLISH,Poetry
233,1982,The Last Labyrinth ,Arun Joshi,ENGLISH,Novel
234,1981,Relationship ,Jayant Mahapatra,ENGLISH,Poetry
235,1980,"On the Mother, Vol. I and II ",K.R. Srinivasa lyengar,ENGLISH,Biography
236,1979,Inside the Haveli ,Rama Mehta,ENGLISH,Novel
237,1978,Fire on the Mountain ,Anita Desai,ENGLISH,Novel
238,1977,Azadi ,Chaman Nahal,ENGLISH,Novel
239,1976,Jawaharlal Nehru ,S. Gopal,ENGLISH,1889-1947
240,1975,Scholar Extraordinary ,Nirad C. Chaudhuri,ENGLISH,Biography
241,1971,Morning Face ,Mulk Raj Anand,ENGLISH,Novel
242,1969,An Artist in Life ,Niharranjan Ray,ENGLISH,Study of Tagore
243,1967,Shadow from Ladakh ,Bhabani Bhattacharya,ENGLISH,Novel
244,1965,The Tribal World of Verrier Elwin ,Verrier Elwin,ENGLISH,Autobiography
245,1963,The Serpent and the Rope ,Raja Rao,ENGLISH,Novel
246,1960,The Guide ,R.K. Narayan,ENGLISH,Novel
247,2023,Sairandhree ,Vinod Joshi,GUJARATI,Epic Poetry
248,2022,Gher Jatan ,Gulam Mohammad Shaikh,GUJARATI,Autobiographical Essays
249,2021,Gandh Manjusha ,Yagnesh Dave,GUJARATI,Poetry
250,2020,Banaras Diary ,Harish Meenashru,GUJARATI,Poetry
251,2019,Mojma Revu Re ,Ratilal Borisagar,GUJARATI,Essays
252,2018,Vibhajanni Vyatha ,Sharifa Vijliwala,GUJARATI,Essays
253,2017,Gujarati Vyakaranna Baso Varsh ,Urmi Ghanshyam Desai,GUJARATI,Criticism
254,2016,Anekek ,Kamal Vora,GUJARATI,Poetry
255,2015,Antey Aarambh ,Rasik Shah,GUJARATI,Part-I & II
256,2014,Chhabi Bhitarani ,late Ashvin Mehta,GUJARATI,Essays
257,2013,Khara Zaran ,Chinu Modi,GUJARATI,Poetry
258,2012,Sakshibhasya ,Chandrakant Topiwala,GUJARATI,Criticism
259,2011,Anchaio ,Mohan Parmar,GUJARATI,Short Stories
260,2010,Chhavani ,Dhirendra Mehta,GUJARATI,Novel
261,2009,Vaat Apna Vivechanani ,Shirish J. Panchal,GUJARATI,Criticism
262,2008,Fatfatiun ,Suman Shah,GUJARATI,Short Stories
263,2007,Gazal-Samhita ,Rajendra Shukla,GUJARATI,Poetry
264,2006,Aatano Suraj ,Ratilal ‘Anil’,GUJARATI,Essays
265,2005,Akhand Zalar Vage ,Suresh Dalal,GUJARATI,Poetry
266,2004,Saundaryani Nadi Narmada ,Amritlal Vegad,GUJARATI,Traveloque
267,2003,Akhepatar ,Bindu Bhatt,GUJARATI,Novel
268,2002,Tattvamasi ,Dhruv Prabodhrai Bhatt,GUJARATI,Novel
269,2001,Agantuk ,Dhiruben Patel,GUJARATI,Novel
270,2000,Dhundhabhari Khin ,Vinesh Antani,GUJARATI,Novel
271,1999,Gujarati Sahiyta-Purvardha Uttarardha ,Niranjan N. Bhagat,GUJARATI,Criticism
272,1998,Vank-dekham Vivechano ,Jayant Kothari,GUJARATI,Criticism
273,1997,Kuvo ,Ashokpuri Goswami,GUJARATI,Novel
274,1996,Andhari Galima Safed Tapakan ,Himanshi Shelat,GUJARATI,Short stories
275,1995,Ansar ,Varsha M. Adalja,GUJARATI,Novel
276,1994,Vitan Sud Beej ,Ramesh Parekh,GUJARATI,Poetry
277,1993,Agnikundaman Ugelun Gulab ,Narayan Desai,GUJARATI,Biography
278,1992,Devoni Ghati ,Bholabhai Patel,GUJARATI,Travelogue
279,1991,Tolan Aawaz Ghunghat ,Labhshanker Thaker,GUJARATI,Poetry
280,1990,Statue ,Anil R. Joshi,GUJARATI,Essays
281,1989,Angaliat ,Joseph Macwan,GUJARATI,Novel
282,1988,Asooryalok ,Bhagwatikumar Sharma,GUJARATI,Novel
283,1987,Jatayu ,Sitanshu Yashaschandra,GUJARATI,Poetry
284,1986,Dhoolmani Paglio ,Chandrakant T. Sheth,GUJARATI,Reminiscences
285,1985,Sat Paglan Aakashman ,Kundanika Kapadia,GUJARATI,Novel
286,1984,Vivechanni Prakriya ,Ramanlal Joshi,GUJARATI,Literary criticism
287,1983,Chintayami Manasa ,Suresh Joshi,GUJARATI,Essays
288,1982,Lilero Dhal ,Priyakant Maniar,GUJARATI,Poetry
289,1981,Rachna ane Samrachna ,Harivallabh Bhayani,GUJARATI,Criticism
290,1980,Anunaya ,Jayant Pathak,GUJARATI,Poetry
291,1979,Vamal Nan Van ,Jagdish Joshi,GUJARATI,Poetry
292,1978,Hayati ,Harindra Dave,GUJARATI,Poetry
293,1977,Uparvas Kathatrayi ,Raghuvir Chaudhari,GUJARATI,Novel
294,1976,Aswattha ,N.K. Pandya ‘Ushanas’,GUJARATI,Poetry
295,1975,Socrates ,Manubhai Pancholi ‘Darshak’,GUJARATI,Novel
296,1974,Tartamya ,Anantrai M. Raval,GUJARATI,Literary criticism
297,1973,Kavini Shraddha ,Umashankar Joshi,GUJARATI,Literary criticism
298,1971,Natya Gathariyan ,C.C. Mehta,GUJARATI,Travelogue
299,1970,Abhinavano Rasavichar ,Nagindas Parekh,GUJARATI,Literary criticism
300,1969,Kulkathao ,Swami Anand,GUJARATI,Pen-portraits
301,1968,Avalokana ,Sundaram Tribhuvandas P. Luhar,GUJARATI,Literary reviews
302,1967,Gujarati Bhashanum Dhwani-Swarup and Dhwani-Parivartan ,P.B. Pandit,GUJARATI,Linguistic study
303,1965,Jeevan-Vyavastha ,Kakasaheb Kalelkar,GUJARATI,Essays
304,1964,Naivedya ,Dolarrai R. Mankad,GUJARATI,Essays
305,1963,Shant Kolahal ,Rajendra Shah,GUJARATI,Poetry
306,1962,Upayana ,V.R. Trivedi,GUJARATI,Critical writings
307,1961,Kachhnun Sanskrit Darshan ,Ram Singhji Rathod,GUJARATI,A cultural survey
308,1960,Sharvilak ,Rasiklal C. Parekh,GUJARATI,Play
309,1958,Darshan ane Chintan ,Pandit Sukhlal,GUJARATI,Philosophical essays
310,1956,Brihat-Pingal ,Ramnarayan Pathak,GUJARATI,Treatise on prosody
311,1955,Mahadev Bhaini Diary ,Mahadev Desai,GUJARATI,Memoirs
312,2023,Mujhe Pahachaano ,Sanjeev,HINDI,Novel
313,2022,Tumadi Ke Shabd ,Badri Narayan,HINDI,Poetry
314,2021,Samrat Ashok ,Daya Prakash Sinha,HINDI,Play
315,2020,Tokri Mein Digant ‘Their Gatha’ : 2014 ,Anamika,HINDI,Poetry
316,2019,Chheelate Hue Apne Ko ,Nand Kishore Acharya,HINDI,Poetry
317,2018,Post Box No. 203-Naala Sopara ,Chitra Mudgal,HINDI,Novel
318,2017,Vishw Mithak Sarit Sagar ,Ramesh Kuntal Megh,HINDI,Literary Criticism
319,2016,Paarijat ,Nasira Sharma,HINDI,Novel
320,2015,Aag Ki Hansi ,Ramdarash Mishra,HINDI,Poetry
321,2014,Vinayak ,Ramesh Chandra Shah,HINDI,Novel
322,2013,Miljul Man ,Mridula Garg,HINDI,Novel
323,2012,Patthar Fenk Raha Hoon ,Chandrakant Devtale,HINDI,Poetry
324,2011,Rehan Per Raghu ,Kashinath Singh,HINDI,Novel
325,2010,Mohan Das ,Uday Prakash,HINDI,Short Story
326,2009,Hawa Main Hasthakshar ,Kailash Vajpeyi,HINDI,Poetry
327,2008,Kohre Mein Kaid Rang ,Govind Mishra,HINDI,Novel
328,2007,Inhin Hathiyaron Se ,Amar Kant,HINDI,Novel
329,2006,Sanshyatma ,Gyanendrapati,HINDI,Poetry
330,2005,Kyaap ,Manohar Shyam Joshi,HINDI,Novel
331,2004,Dushchakra Mein Srista ,Viren Dangwal,HINDI,Poetry
332,2003,Kitne Pakistan ,Kamleshwar,HINDI,Novel
333,2002,Do Panktiyon Ke Beech ,Rajesh Joshi,HINDI,Poetry
334,2001,Kali-Katha : Via Bypass ,Alka Saraogi,HINDI,Novel
335,2000,Hum Jo Dekhte Hain ,Manglesh Dabral,HINDI,Poetry
336,1999,Deewar Main Ek Khirkee Rahathi Thi ,Vinod Kumar Shukla,HINDI,Novel
337,1998,Naye Ilake Mein ,Arun Kamal,HINDI,Poetry
338,1997,Anubhav Ke Aakash Mein Chand ,Leeladhar Jagoori,HINDI,Poetry
339,1996,Mujhe Chand Chahiye ,Surendra Verma,HINDI,Novel
340,1995,Koi Doosra Nahin ,Kunwar Narain,HINDI,Poetry
341,1994,Kahin Nahin Wahin ,Ashok Vajpeyi,HINDI,Poetry
342,1993,Ardhanarishwar ,Vishnu Prabhakar,HINDI,Novel
343,1992,Dhai Ghar ,Giriraj Kishore,HINDI,Novel
344,1991,Main Vaqt Ke Hun Samne ,Girija Kumar Mathur,HINDI,Poetry
345,1990,Neela Chand ,Shiv Prasad Singh,HINDI,Novel
346,1989,Akaal Mein Saras ,Kedarnath Singh,HINDI,Poetry
347,1988,Aranya ,Naresh Mehta,HINDI,Poetry
348,1987,Magadh ,Shrikant Verma,HINDI,Poetry
349,1986,Apurva ,Kedarnath Aggarwal,HINDI,Poetry
350,1985,Kavve aur Kala Pani ,Nirmal Varma,HINDI,Short stories
351,1984,Log Bhool Gaye Hain ,Raghuvir Sahai,HINDI,Poetry
352,1983,Khutiyon Par Tange Log ,Sarveshwar Dayal Saxena,HINDI,Poetry
353,1982,Viklang Shraddha Ka Daur ,Harishankar Parsai,HINDI,Satire
354,1981,Tap Ke Taye Hue Din ,Trilochan,HINDI,Novel
355,1980,Zindaginama-Zinda Rukh ,Krishna Sobti,HINDI,Novel
356,1979,Kal Sunana Mujhe ,Dhoomil,HINDI,Poetry
357,1978,Utna Vah Suraj Hai ,Bharat Bhushan Agarwal,HINDI,Poetry
358,1977,Chuka Bhi Hun Nahin Main ,Shamsher Bahadur Singh,HINDI,Poetry
359,1976,Meri Teri Uski Baat ,Yashpal,HINDI,Novel
360,1975,Tamas ,Bhisham Sahni,HINDI,Novel
361,1974,Mitti Ki Baraat ,Shiv Mangal Singh ‘Suman’,HINDI,Poetry
362,1973,Alok Parva ,Hazari Prasad Dwivedi,HINDI,Essays
363,1972,Buni Huyi Rassi ,Bhawani Prasad Mishra,HINDI,Poetry
364,1971,Kavita Ke Naye Pratiman ,Namwar Singh,HINDI,Literary criticism
365,1970,Nirala Ki Sahitya Sadhana ,Ram Vilas Sharma,HINDI,Biography
366,1969,Rag Darbari ,Shrilal Shukla,HINDI,Novel
367,1968,Do Chattanen ,Harivansh Rai Bachchan,HINDI,Poetry
368,1967,Amrit Aur Vish ,Amritlal Nagar,HINDI,Novel
369,1966,Muktibodh ,Jainendra Kumar,HINDI,Novelette
370,1965,Rasa Siddhanta ,Nagendra,HINDI,Treatise on poetics
371,1964,Aangan Ke Par Dvar ,‘Agyeya’ S.H. Vatsyayan,HINDI,Poetry
372,1963,Premchand: Kalam Ka Sipahi ,Amrit Rai,HINDI,Biography
373,1961,Bhoole Bisre Chitra ,Bhagwaticharan Verma,HINDI,Novel
374,1960,Kala aur Burha Chand ,Sumitranandan Pant,HINDI,Poetry
375,1959,Sanskriti Ke Char Adhyaya ,‘Dinkar’Ramdhari Sinha,HINDI,A survey of Indian culture
376,1958,Madhya Asia Ka Itihas ,Rahul Sankrityayan,HINDI,History
377,1957,Bauddha Dharma-Darshan ,Acharya Narendra Dev,HINDI,Philosophy
378,1956,Padmavat Sanjivani Vyakhya ,Vasudevasaran Agrawala,HINDI,Commentary
379,1955,Him-Tarangini ,Makhanlal Chaturvedi,HINDI,Poetry
380,2023,Mahabharatha Anusandhanada Bharathayatre ,Lakshmisha Tolpadi,KANNADA,Essays
381,2022,Bahutvada Bhaarata mattu Bouddha Taatvikate ,Mudnakudu Chinnaswamy,KANNADA,Collection of Articles
382,2021,Gandhi Kathana ,D.S. Nagabhushana,KANNADA,Biography
383,2020,Sri Bahubali Ahimsadigvijayam ,M. Veerappa Moily,KANNADA,Epic Poetry
384,2019,Kudi Esaru ,Vijaya,KANNADA,Autobiography
385,2018,Anushreni-Yajamanike ,K.G. Nagarajappa,KANNADA,Literary Criticism
386,2017,Kathana Bharathi ,T.P. Ashoka,KANNADA,Literary Criticism
387,2016,Swatantryada Ota ,Boluwaru Mohammad Kunhi,KANNADA,Novel
388,2015,Akshaya Kavya ,K.V. Tirumalesh,KANNADA,Poetry
389,2014,Uttaraardha ,G.H. Nayak,KANNADA,Essays
390,2013,Akyana-Vyakyana ,C.N. Ramachandran,KANNADA,Essays
391,2012,Mabbina Haage Kaniveyaasi ,H.S. Shiva Prakash,KANNADA,Poetry
392,2011,Swapna Saraswata ,Gopalakrishna Pai,KANNADA,Novel
393,2010,Kattiyachina Daari ,Rahamath Tarikere,KANNADA,Criticism
394,2009,Krouncha Pakshigalu ,Vaidehi,KANNADA,Short Stories
395,2008,Halla Bantu Halla ,Shrinivas B. Vaidya,KANNADA,Novel
396,2007,Aramance ,Kum. Veerabhadrappa,KANNADA,Novel
397,2006,Marga-4 ,M.M. Kalburgi,KANNADA,Essays
398,2005,Teru ,Raghavendra Patil,KANNADA,Novel
399,2004,Baduku ,Geetha Nagabhushana,KANNADA,Novel
400,2003,Kaviraja Marga Mattu Kannada Jagattu ,K.V. Subbanna,KANNADA,Essays
401,2002,Yugasandhya ,Sujana S. Narayana Shetty,KANNADA,Epic
402,2001,English Sahitya Charitre ,L.S. Seshagiri Rao,KANNADA,Literary history
403,2000,Om Namo ,Shantinath K. Desai,KANNADA,Novel
404,1999,Sahitya Kathana ,D.R. Nagaraj,KANNADA,Essays
405,1998,Sapthapadi ,B.C. Ramachandra Sharma,KANNADA,Poetry
406,1997,Hosatu Hosatu ,M. Chidananda Murthy,KANNADA,Criticism
407,1996,Bhuvanada Bhagya ,G.S.Amur,KANNADA,Literary criticism
408,1995,Uriya Nalage ,Kirtinath Kurtkoti,KANNADA,Criticism
409,1994,Taledanda ,Girish Karnad,KANNADA,Play
410,1993,Kallu Karaguva Samaya ,P. Lankesh,KANNADA,Short Stories
411,1992,Bakulada Hoovugalu ,S.R. Ekkundi,KANNADA,Poetry
412,1991,Sirisampige ,Chandrasekhara Kambar,KANNADA,Play
413,1990,Kusuma Bale ,Devanur Mahadeva,KANNADA,Novel
414,1989,Samprati ,H.M. Nayak,KANNADA,Belles-Lettres
415,1988,Avadheshwari ,Shankar Mokashi Punekar,KANNADA,Novel
416,1987,Chidambara Rahasya ,K.P. Poornachandra Tejaswi,KANNADA,Novel
417,1986,Bandaya ,Vyasaraya Ballal,KANNADA,Novel
418,1985,Durgaasthamaana ,T.R. Subba Rao Ta. Ra. Su.,KANNADA,Novel
419,1984,Kavyartha Chintana ,G.S. Sivarudrappa,KANNADA,Literary Criticism
420,1983,Katheyaadalu Hudugi ,Yashwant Chittal,KANNADA,Short stories
421,1982,Vaishakha ,Chaduranga,KANNADA,Novel
422,1981,Jeewa Dhwani ,Chennaveera Kanavi,KANNADA,Poetry
423,1980,Americadalli Goruru ,Goruru Ramaswami lyengar,KANNADA,Travelogue
424,1979,Chitragalu Patragalu ,A.N. Moorthy Rao,KANNADA,Reminiscences
425,1978,Hasuru Honnu ,B.G.L. Swamy,KANNADA,Travelogue
426,1977,Tereda Baagilu ,K.S. Narasimhaswam,KANNADA,Poetry
427,1976,Mana Manthana ,M. Shivaram,KANNADA,Psychiatric studies
428,1975,Daatu ,S.L. Bhyrappa,KANNADA,Novel
429,1974,Vardhamaana ,Gopalakrishna Adiga,KANNADA,Poetry
430,1973,Aralu Baralu ,V. Sitaramaiah,KANNADA,Poetry
431,1972,Shoonyasampadaneya Paramarshe ,S.S. Bhoosnurmath,KANNADA,Commentary
432,1971,Kalidasa ,Adya Rangacharya,KANNADA,Literary criticism
433,1970,Karnataka Samskritiya Poorva Peethike ,S.B. Joshi,KANNADA,Cultural Study
434,1969,Karnataka Samskriti Sameekshe ,H. Tipperudraswamy,KANNADA,Cultural Study
435,1968,Sannakathegalu ,‘Srinivasa’ Masti Venkatesa lyengar,KANNADA,12-13
436,1967,Shrimad Bhagavadgita Tatparya Athava Jivanadharmayoga ,D.V. Gundappa,KANNADA,Philosophical expositions
437,1966,Hamsa Damayand Mattu Itara Rupakagalu ,P.T. Narasimhachar,KANNADA,Musical plays
438,1965,Ranga Binnapa ,S.V. Ranganna,KANNADA,Philosophical reflections
439,1964,Kranti-Kalyana ,B. Puttaswamayya,KANNADA,Novel
440,1962,Mahakshatriya ,Devudu Narasimha Sastri,KANNADA,Novel
441,1961,Bangali Kadambarikara Bankim Chandra ,A.R. Krishna Sastri,KANNADA,A critical Study
442,1960,Dyava-Prithvi ,‘Vinayaka’ V.K. Gokak,KANNADA,Poetry
443,1959,Yakshagana Bayalata ,K.S. Karanth,KANNADA,A treatise on folk-drama
444,1958,Aralu-Maralu ,D.R. Bendre,KANNADA,Poetry
445,1956,Kannada Sahitya Charitre ,R.S. Mugali,KANNADA,History of Literature
446,1955,Sri Ramayana Darsanam ,‘Kuvempu’ K.V. Puttappa,KANNADA,Epic
447,2023,Yeth Waweh Halay Tsong Kous Zalay ,Manshoor Banihali,KASHMIRI,Poetry
448,2022,Zael Dab ,Farooq Fayaz,KASHMIRI,Literary Criticism
449,2021,Tawazun ,Wali Mohd. Aseer Kashtawari,KASHMIRI,Criticism
450,2020,Tilasm-e-Khanabadosh ,Late Hirday Koul Bharti,KASHMIRI,Short Stories
451,2019,Akh Yaad Akh Qayamat ,Abdul Ahad Hajini,KASHMIRI,Short Stories
452,2018,Aakh ,Mushtaq Ahmad Mushtaq,KASHMIRI,Short Stories
453,2017,Yeli Parda Woth ,Autar Krishen Rahbar,KASHMIRI,Short Stories
454,2016,Aane Khane ,Aziz Hajini,KASHMIRI,Criticism
455,2015,Jamis Ta Kasheeri Manz Kashir Natia Adabuk Tawareekh ,Bashir Bhadarwahi,KASHMIRI,Criticism
456,2014,Kore Kakud Pushrith Gome ,Shad Ramzan,KASHMIRI,Poetry
457,2013,Aina Aatash ,MohiudDin Reshi,KASHMIRI,Short Stories
458,2012,Yath Aangnas Manz ,Makhan Lal Kanwal,KASHMIRI,Poetry
459,2011,Na Thsay Na Aks ,Naseem Shafaie,KASHMIRI,Poetry
460,2010,Yiman Padan Mye Vetsaar Gotshuy ,Basher Bashir,KASHMIRI,Criticism
461,2009,Vont ,Mishal Sultanpuri,KASHMIRI,Literary Criticism
462,2008,Baazyaafat ,Ghulam Nabi Aatash,KASHMIRI,Criticism
463,2007,Tshen ,Ratan lal Shant,KASHMIRI,Short Stories
464,2006,Yaad Aasmqnqn Hinz ,Shafi Shauq,KASHMIRI,Poetry
465,2005,Yath Miani Joye ,Hamidi Kashmiri,KASHMIRI,Poetry
466,2004,Sada Te Samandar ,Gh. Nabi Firaq,KASHMIRI,Poetry
467,2003,Yell Phol Gaash ,Som Nath Zutshi,KASHMIRI,Short Stories
468,2002,Pursaan ,Naji Munawar,KASHMIRI,Criticism
469,2001,Rikhah ,MohiudDinGowhar,KASHMIRI,Poetry
470,2000,Yath Raaz Danay ,Harikrishna Kaul,KASHMIRI,Short Stories
471,1999,Vahrat ,Rashid Nazki,KASHMIRI,Poetry
472,1998,Mahjoor Shinasi ,Mohammad Yousuf Taing,KASHMIRI,Criticism
473,1997,Nai Che Nallan ,Rafiq Raaz,KASHMIRI,Poetry
474,1995,Naar Hatun Kazal Wanas ,M. Farooq Nazki,KASHMIRI,Poetry
475,1994,Kaeji Raath ,Sajood Sailani,KASHMIRI,Play
476,1993,Kenh Natu Kenh ,Syed Rasool Pompur,KASHMIRI,Essays
477,1992,Amaar ,Shafi Shaida,KASHMIRI,Poetry
478,1991,Achhre Tsange ,Ghulam Nabi Tak Naazir,KASHMIRI,Poetry
479,1990,Kashur Sarmaya ,Fazil Kashmiri,KASHMIRI,Poetry
480,1989,Sheen Te Watpod ,Pran Kishore,KASHMIRI,Novel
481,1988,Pun-Te-Paap ,Ghulam Nabi Gauhar,KASHMIRI,Novel
482,1987,Awaz-i-Dost ,Mir Ghulam Rasool Nazki,KASHMIRI,Poetry
483,1986,Shihil Kul ,Dina Nath Nadim,KASHMIRI,Poetry
484,1985,Lole Vetsar ,Mirza G.H. Beg Arif,KASHMIRI,Poetry
485,1984,Essay ,Mohd. Zaman Azurdah,KASHMIRI,Essays
486,1982,Natak Truche ,Motilal Kemmu,KASHMIRI,Play
487,1981,Mansar ,Moti Lal Saqi,KASHMIRI,Poetry
488,1979,Partavistan ,Marghoob Banihali,KASHMIRI,Poetry
489,1978,Be Soakh Rooth ,G.R. Santosh,KASHMIRI,Poetry
490,1976,Machama ,Pushkar Bhan,KASHMIRI,Plays
491,1975,Gaashir Munaar ,Ghulam Nabi Khayal,KASHMIRI,Essays
492,1972,Suyya ,Ali Mohammad Lone,KASHMIRI,Play
493,1970,Maqualaat ,Mohiuddin Hajini,KASHMIRI,Essays
494,1969,Ka ‘Shri Zab’: Ny Hund Alleqavaad Phera ,Abdul Khaliq Tak Zainageri,KASHMIRI,Linguistic Study
495,1967,Laveh Te Praveh ,Amin Kamil,KASHMIRI,Poetry
496,1961,Nauroz-i-Saba ,A. Rahman Rahi,KASHMIRI,Poetry
497,1958,Sat Sangar ,Akhtar MohiudDin Ghulam MohiudDinAkhtar Wani,KASHMIRI,Short stories
498,1956,Sumran ,Zinda Kaul ‘Masterji’,KASHMIRI,Poetry
499,2023,Varsal ,Prakash S. Parienkar,KONKANI (Since 1977),Short Stories
500,2022,Amrutvel ,Maya Anil Kharangate,KONKANI (Since 1977),Novel
501,2021,Raktachandan ,Sanjiv Verenkar,KONKANI (Since 1977),Poetry
502,2020,Yugaparivarthanancho Yatri ,R.S. Bhaskar,KONKANI (Since 1977),Poetry
503,2019,The Words ,Nilba A. Khandekar,KONKANI (Since 1977),Poetry
504,2018,Chitralipi ,Paresh Narendra Kamat,KONKANI (Since 1977),Poetry
505,2017,Khand Ani Her Katha ,Gajanan Jog,KONKANI (Since 1977),Short Stories
506,2016,Kale Bhangar ,Edwin J.F.Dsouza,KONKANI (Since 1977),Novel
507,2015,Karna Parva ,Uday Bhembre,KONKANI (Since 1977),Play
508,2014,Manthan ,Madhavi Sardesai,KONKANI (Since 1977),Essays
509,2013,Manmotayam ,Tukaram Rama Shet,KONKANI (Since 1977),Essays
510,2012,Kavyasutra ,Kashinath Shamba Lolienkar S.D.Tendulkar,KONKANI (Since 1977),Poetry
511,2011,Prakriticho Paas ,Melvyn Rodrigues,KONKANI (Since 1977),Poetry
512,2010,Kayallyachem Sraddha ,Arun Sakhardande,KONKANI (Since 1977),Poetry
513,2009,Kirvontt ,Jess Fernandes,KONKANI (Since 1977),Poetry
514,2008,Ghanaqhai Niyatiche ,Ashok Kamat,KONKANI (Since 1977),Novel
515,2007,Dika ,Devidas Kadam,KONKANI (Since 1977),Novel
516,2006,Jai Kai Jui ,Datta Damodar Naik,KONKANI (Since 1977),Essays
517,2005,Bhaangarsaall ,N. Shivdas,KONKANI (Since 1977),Short Stories
518,2004,Athang ,Jayanti Naik,KONKANI (Since 1977),Short Stories
519,2003,Parigh ,Shashank Sitaram,KONKANI (Since 1977),Short Stories
520,2002,Bhogadandd ,Hema Naik,KONKANI (Since 1977),Novel
521,2001,Yaman ,Madhav Borcar,KONKANI (Since 1977),Poetry
522,2000,Champhel’li Sanj ,Pandurang Bhangui,KONKANI (Since 1977),Poetry
523,1999,Antarnad ,Saratchandra Shenoi,KONKANI (Since 1977),Poetry
524,1998,Ashim Asim Lharan ,John Baptist Sequeira,KONKANI (Since 1977),Poetry
525,1997,Bhuim Chafim ,Sheela Kolambkar,KONKANI (Since 1977),Pen-portraits
526,1996,Nilem Nilem Braham ,Sankar Ramani,KONKANI (Since 1977),Poetry
527,1995,Gomanchal Te Himachal ,Dilip Borkar,KONKANI (Since 1977),Travelogue
528,1994,Antarayami ,Gokuldas Prabhu,KONKANI (Since 1977),Short Stories
529,1993,Tarangan ,Mahabaleshwar Sail,KONKANI (Since 1977),Short Stories
530,1992,Vanshakulachen Denen ,Nagesh Karmali,KONKANI (Since 1977),Poetry
531,1991,Sapan Fulam ,Meena Kakodkar,KONKANI (Since 1977),Short stories
532,1990,Savul Gori ,Ramesh B. Veluskar,KONKANI (Since 1977),Poetry
533,1989,Sonshyache Kan ,C.F. D’Costa,KONKANI (Since 1977),Poetry
534,1988,Vhonkolpavnni ,Chandrakant Keni,KONKANI (Since 1977),Short stories
535,1987,Panaji Atam Mhatari Zalea ,Arvind N. Mambro,KONKANI (Since 1977),Short stories
536,1986,Hanv Monis Asvat-Thamo ,Prakash Damodar Padgaonkar,KONKANI (Since 1977),Poetry
537,1985,Bhitorlem Tufan ,J.B. Moraes,KONKANI (Since 1977),Poetry
538,1984,Chowrang ,Pundalik Narayan Naik,KONKANI (Since 1977),One-act play
539,1983,Karmelin ,Damodar Mauzo,KONKANI (Since 1977),Novel
540,1982,Khabari ,Laxmanrao Sardessai,KONKANI (Since 1977),Essays
541,1981,Sasaya ,B.B. Borkar Bakibab,KONKANI (Since 1977),Poetry
542,1980,Pissolim ,Manohar Sardessai,KONKANI (Since 1977),Poetry
543,1979,Dorya Gazota ,R.V. Pandit,KONKANI (Since 1977),Poetry
544,1978,Manni Punav ,D.K. Sukhthankar,KONKANI (Since 1977),Humorous essays
545,1977,Himalayant ,Ravindra Kelekar,KONKANI (Since 1977),Travelogue
546,2023,Bodha Sanketan ,Basukinath Jha,MAITHILI (Since 1966),Essays
547,2022,Pen-Drive Me Prithvi ,Ajit Azad,MAITHILI (Since 1966),Poetry
548,2021,Pangu ,Jagdish Prasad Mandal,MAITHILI (Since 1966),Novel
549,2020,Gachh Roosal Achhi ,Kamalkant Jha,MAITHILI (Since 1966),Short Stories
550,2019,Jingik Oriaon Karait ,Kumar Manish Arvind,MAITHILI (Since 1966),Poetry
551,2018,Parineeta ,Bina Thakur,MAITHILI (Since 1966),Short Stories
552,2017,Jahalak Diary ,Udaya Narayana Singh ‘Nachiketa’,MAITHILI (Since 1966),Poetry
553,2016,Barki Kaki at Hotmail Dot Corn ,Shyam Darihare,MAITHILI (Since 1966),Short Stories
554,2015,Khissa ,Man Mohan Jha,MAITHILI (Since 1966),Short Stories
555,2014,Uchat ,Asha Mishra,MAITHILI (Since 1966),Novel
556,2013,Sangharsh Aa Sehanta ,Sureshwar Jha,MAITHILI (Since 1966),Memoirs
557,2012,Kist-Kist Jeewan ,Shefalika Verma,MAITHILI (Since 1966),Autobiography
558,2011,Apaksha ,Uday Chandra Jha ‘Vinod’,MAITHILI (Since 1966),Poetry
559,2010,Bhamati ,Usha Kiran Khan,MAITHILI (Since 1966),Novel
560,2009,Ganga-Putra ,Man Mohan Jha,MAITHILI (Since 1966),Short Stories
561,2008,Katek Daaripar ,Mantreshwar Jha,MAITHILI (Since 1966),Memoirs
562,2007,Sarokar ,Pradip Bihari,MAITHILI (Since 1966),Short Stories
563,2006,Kaath ,Bibhuti Anand,MAITHILI (Since 1966),Short Stories
564,2005,Chanan Ghan Gachchiya ,Vivekanand Thakur,MAITHILI (Since 1966),Poetry
565,2004,Shakuntala ,Chandrabhanu Singh,MAITHILI (Since 1966),Epic
566,2003,Ritambhara ,Niraja Renu Khamakhy A Devi,MAITHILI (Since 1966),Short Stories
567,2002,Sahasmukhi Chowk Par ,Somdev,MAITHILI (Since 1966),Poems
568,2001,Pratijna Pandav ,Babuajee Jha ‘Ajnat’,MAITHILI (Since 1966),Epic
569,2000,Katek Raas Baat ,Ramanand Renu,MAITHILI (Since 1966),Poetry
570,1999,Gananayak ,Saketanand,MAITHILI (Since 1966),Short Stories
571,1998,Takait Achhi Chirai ,Jeeva Kant,MAITHILI (Since 1966),Poetry
572,1997,Dhwast Hoet Shanti Stoop ,Keerti Narayan Mishra,MAITHILI (Since 1966),Poetry
573,1996,Aai Kaalhi Parsoo ,Raj Mohan Jha,MAITHILI (Since 1966),Short stories
574,1995,Kavita Kusumanjali ,Jayamanta Mishra,MAITHILI (Since 1966),Poetry
575,1994,Uchitavakta ,Gangesh Gunjan,MAITHILI (Since 1966),Short stories
576,1993,Samak Pauti ,Govinda Jha,MAITHILI (Since 1966),Short stories
577,1992,Vividha ,Bhimanath Jha,MAITHILI (Since 1966),Essays
578,1991,Pasijhaita Pathar ,Ramdeo Jha,MAITHILI (Since 1966),Play
579,1990,Prabhasak Katha ,Prabhas Kumar Choudhuri,MAITHILI (Since 1966),Short stories
580,1989,Parasar ,Kanchinath Jha ‘Kiran’,MAITHILI (Since 1966),Epic
581,1988,Mantraputra ,Mayanand Mishra,MAITHILI (Since 1966),Novel
582,1987,Atita ,Umanath Jha,MAITHILI (Since 1966),Short stories
583,1986,Natik Patrak Uttar ,Subhadra Jha,MAITHILI (Since 1966),Belles-lettres
584,1985,Jeevan Yatra ,Hari Mohan Jha,MAITHILI (Since 1966),Autobiography
585,1984,Suryamukhi ,Arsi Prasad Singh,MAITHILI (Since 1966),Poetry
586,1983,Maithili Patrakaritaka Ithihas ,Chandranath Mishra ‘Amar’,MAITHILI (Since 1966),Treatise
587,1982,Marichika ,Lily Ray,MAITHILI (Since 1966),Novel
588,1981,Agastyayaini ,Markandeya Pravasi,MAITHILI (Since 1966),Epic
589,1980,Ee Bataha Sansar ,Sudhanshu Shekhar Chaudhary,MAITHILI (Since 1966),Novel
590,1979,Krishna-charit ,Tantranath Jha,MAITHILI (Since 1966),Poetry
591,1978,Baji Uthal Murali ,Upendra Thakur ‘Mohan’,MAITHILI (Since 1966),Poetry
592,1977,Avahatta: Udbhava O Vikas ,Rajeshwar Jha,MAITHILI (Since 1966),Literary criticism
593,1976,Sitayana ,Vaidyanath Mallik ‘Vidhu’,MAITHILI (Since 1966),Epic
594,1975,Kichhu Dekhal Kichhu Sunal ,Girindramohan Mishra,MAITHILI (Since 1966),Reminiscences
595,1973,Naika Banijara ,Braj Kishore Verma ‘Manipadma’,MAITHILI (Since 1966),Novel
596,1971,Payasvini ,Surenda Jha ‘Suman’,MAITHILI (Since 1966),Poetry
597,1970,Radha Viraha ,Kashikant Mishra ‘Madhup’,MAITHILI (Since 1966),Epic poetry
598,1969,Du Patra ,Upendranth Jha,MAITHILI (Since 1966),Novel
599,1968,Patrahin Nagna Gachh ,‘Yatri’ Vaidyanath Mishra,MAITHILI (Since 1966),Poetry
600,1966,Mithila-Baibhav ,Yashodhar Jha,MAITHILI (Since 1966),Philosophical treatise
601,2023,Malayala Novelinte Deshakalangal ,E.V. Ramakrishnan,MALAYALAM,Literary Study
602,2022,Ashaante Seethayanam ,M. Thomas Mathew,MALAYALAM,Literary Criticism
603,2021,Hrudayaragangal ,George Onakkoor,MALAYALAM,Autobiography
604,2020,Akasmikam ,Omchery N.N Pillai,MALAYALAM,Omcheriyute Ormmakkurippukal
605,2019,Achan Piranna Veedu ,V. Madhusoodanan Nair,MALAYALAM,Poetry
606,2018,Gurupournami ,S. Ramesan Nair,MALAYALAM,Poetry
607,2017,Daivathinte Pusthakam ,K.P. Ramanunni,MALAYALAM,Novel
608,2016,Shyamamadhavam ,Prabha Varma,MALAYALAM,Poetry
609,2015,Aarachar ,K.R. Meera,MALAYALAM,Novel
610,2014,Manushyanu Oru Aamukham ,Subhash Chandran,MALAYALAM,Novel
611,2013,Kathayillathavante Katha ,M.N. Paloor,MALAYALAM,Autobiography
612,2012,Marannu Vecha Vasthukkal ,K. Satchidanandan,MALAYALAM,Poetry
613,2011,Basheer: Ekantha Veedhiyile Avadhoothan ,M.K. Sanu,MALAYALAM,Biography
614,2010,Haimavathabhuvil ,M.P. Veerendra Kumar,MALAYALAM,Travelogue
615,2009,Thrikkotlur Novellukar ,U.A Khader,MALAYALAM,Novellas
616,2008,Madhuram Ninte Jeevitham ,K.P. Appan,MALAYALAM,Essays
617,2007,Adayalangal ,Sethu A. Sethumadhavan,MALAYALAM,Novel
618,2006,Chuvanna Chinnangal ,M. Sukumaran,MALAYALAM,Short Stories
619,2005,Jappana Ppukayila ,G.V. Kakkanadan,MALAYALAM,Short Stories
620,2004,Zachariyayute Kathakai ,Paul Zachariah,MALAYALAM,Short Stories
621,2003,Alahayude Penmakkal ,Sara Joseph,MALAYALAM,Novel
622,2002,K.G. Sankara Pillayude Kavitakal ,K.G. Sankara Pillai,MALAYALAM,Poems
623,2001,Attoor Ravi Varmayute Kavitakal ,Attoor Ravi Varma,MALAYALAM,Poetry
624,2000,R. Ramachandrante Kavithakal ,R. Ramachandran,MALAYALAM,Poetry
625,1999,Sreeramante Kathakal ,C.V. Sreeraman,MALAYALAM,Short Stories
626,1998,Thattakam ,Kovilan V.V. Ayyappan,MALAYALAM,Novel
627,1997,Govardhante Yatrakal ,Anand P. Satchidanandan,MALAYALAM,Novel
628,1996,Gowri ,T. Padmanabhan,MALAYALAM,Short Stories
629,1995,Arangu Kanatha Natan ,Thikkodiyan P. K. Nair,MALAYALAM,Memoirs
630,1994,Ujjayiniyile Rappakalukal ,Vishnu Narayanan Namboodiri,MALAYALAM,Poetry
631,1993,Daivathinte Kannu ,N.P. Mohammed,MALAYALAM,Novel
632,1992,Daivathinte Vikruthikal ,M. Mukundan,MALAYALAM,Novel
633,1991,Chhatravum Chamaravum ,M.P. Sankunni Nair,MALAYALAM,Criticism
634,1990,Gurusagaram ,O.V. Vijayan,MALAYALAM,Novel
635,1989,Nizhalana ,Olappamanna Subrahmanian Nambudiripad,MALAYALAM,Poetry
636,1988,Spandamapinikale Nandi ,C. Radhakrishnan,MALAYALAM,Novel
637,1987,Prathipathram Bhashanabhedam ,N. Krishna Pillai,MALAYALAM,Literary criticism
638,1986,Kavitadwani ,M. Leelavathy,MALAYALAM,Critical study
639,1985,Tatvamasi ,Sukumar Azhicode,MALAYALAM,Critical study
640,1984,Ayyappa Panikkarute Kritikal 1969-80 ,K. Ayyappa Paniker,MALAYALAM,Poetry
641,1983,Thiranjedutha Prabandhangal ,S. Guptan Nair,MALAYALAM,Essays
642,1982,Payyan Kathakal ,V.K.N. Thiruvilvamala,MALAYALAM,Short stories
643,1981,Avakasikal ,Vilasini M.K. Menon,MALAYALAM,Novel
644,1980,Smaraka Silakal ,Punathil Kunhabdulla,MALAYALAM,Novel
645,1979,Vallatholinte Kavyasilpam ,N.V. Krishna Warrior,MALAYALAM,Literary criticism
646,1978,Ratrimazha ,Sugathakumari,MALAYALAM,Poetry
647,1977,Agnisakshi ,N. Lalithambika Antharjanam,MALAYALAM,Novel
648,1976,Jeevithappatha ,C. Govinda Pisharoti ‘Cherukat’,MALAYALAM,Autobiography
649,1975,Aksharam ,O.N.V. Kurup,MALAYALAM,Poetry
650,1974,Kamasurabhi ,Vennikkulam Gopala Kurup,MALAYALAM,Poetry
651,1973,Balidarsanam ,Akkitham Achyuthan Nambudiri,MALAYALAM,Poetry
652,1972,Oru Desathinte Katha ,S.K. Pottekkat,MALAYALAM,Novel
653,1971,Vida ,Vyloppillil Sreedhara Menon,MALAYALAM,Poetry
654,1970,Kaalam ,M.T. Vasudevan Nair,MALAYALAM,Novel
655,1969,Kavile Pattu ,Edasseri Govindan Nair,MALAYALAM,Poetry
656,1967,Thamarathoni ,P. Kunhiraman Nair,MALAYALAM,Poetry
657,1966,Kala Jeevitham Thanne ,K.M. Kuttikrishna Marar,MALAYALAM,Essays
658,1965,Muthassi ,N. Balamani Amma,MALAYALAM,Poetry
659,1964,Ayalkkar ,P. Kesava Dev,MALAYALAM,Novel
660,1963,Viswadarsanam ,G. Sankara Kurup,MALAYALAM,Poetry
661,1960,Sundarikalum Sundaranmarum ,‘Uroob’ P. C. Kuttikrishnan,MALAYALAM,Novel
662,1958,Kazhinja Kaalam ,K.P. Kesava Menon,MALAYALAM,Autobiography
663,1957,Chemmeen ,Thakazhi Sivasankara Pillai,MALAYALAM,Novel
664,1956,Paniniya Pradyotam ,I.C. Chacko,MALAYALAM,Commentary
665,1955,Bhasha Sahitya Charitram ,R. Narayana Panikkar,MALAYALAM,History of Literature
666,2023,Yachangba Nang Hallo ,Sorokkhaibam Gambhini,MANIPURI (Since 1973),Poetry
667,2022,Leironnung ,Koijam Shantibala,MANIPURI (Since 1973),Poetry
668,2021,Manipurida Punshi Warigee Sahitya ,Thokchom Ibohanbi Singh,MANIPURI (Since 1973),Criticism
669,2020,Malangbana Kari Hai ,Irungbam Deven,MANIPURI (Since 1973),Poetry
670,2019,Ei Amadi Adungeigi Eethat ,L. Birmangol Singh Beryl Thanga,MANIPURI (Since 1973),Novel
671,2018,Ngamkheigee Wangmada ,Budhichandra Heisnamba,MANIPURI (Since 1973),Short Stories
672,2017,Chahee Taret Khuntakpa ,Rajen Toijamba,MANIPURI (Since 1973),Play
673,2016,Cheptharaba Eshingpun ,Moirangthem Rajen,MANIPURI (Since 1973),Short Stories
674,2015,Ahingna Yekshilliba Mang ,Kshetri Rajen,MANIPURI (Since 1973),Poetry
675,2014,Khung-Gang Amasung Refugee ,Naorem Bidyasagar Singh,MANIPURI (Since 1973),Poetry
676,2013,Chinglon Amadagi Amada ,Makhonmani Mongsaba,MANIPURI (Since 1973),Travelogue
677,2012,Mathou Kanba DNA ,Jodha C Sanasam,MANIPURI (Since 1973),Novel
678,2011,Nangbu Ngaibada ,Kshetri Bira,MANIPURI (Since 1973),Novel
679,2010,Leikangla ,M. Borkanya,MANIPURI (Since 1973),Novel
680,2009,Khungangi Chithi ,Raghu Leishangthem,MANIPURI (Since 1973),Poetry
681,2008,Edu Ntngthou ,A.O. Memchoubi,MANIPURI (Since 1973),Poetry
682,2007,Imasi Nurabee ,B.M. Maisnamba,MANIPURI (Since 1973),Novel
683,2006,Nungshibi Greece ,Saratchand Thiyam,MANIPURI (Since 1973),Travelogue
684,2005,Pangal Shonbi Eishe Adomgini ,M. Nabakishore Singh,MANIPURI (Since 1973),Short stories
685,2004,Lanthengnariba Lanmee ,Birendrajit Naorem,MANIPURI (Since 1973),Poetry
686,2003,Leiyee Khara Punsi Khara ,Sudhir Naoroibam,MANIPURI (Since 1973),Short stories
687,2002,Mei Mamgera Budhi Mamgera ,Rajkumar Bhubonsana,MANIPURI (Since 1973),Poems
688,2001,Khongji Makhol ,Ningombam Sunita,MANIPURI (Since 1973),Short stories
689,2000,Eemagi Phanek Machet ,Laitonjam Premchand Singh,MANIPURI (Since 1973),Short stories
690,1999,Hi Nangbu Hondeda ,Sagolsem Lanchenba Meetei,MANIPURI (Since 1973),Poetry
691,1998,Nongdi Tarak-Khidare ,Keisham Priyokumar,MANIPURI (Since 1973),Short stories
692,1997,Bhut Amasung Maikhum ,Thangjam Ibopishak Singh,MANIPURI (Since 1973),Poetry
693,1996,Praloigi Meiriraktagi ,R.K. Madhubir,MANIPURI (Since 1973),Poetry
694,1995,Leipkalei ,Arambam Somorendra Singh,MANIPURI (Since 1973),Play
695,1994,Mayai Karaba Shamu ,Rajkumar Mani Singh,MANIPURI (Since 1973),Short stories
696,1993,Punshigi Marudyan ,Arambam Biren Singh,MANIPURI (Since 1973),Novel
697,1992,Tharoshangbi ,A. Chitreshwar Sharma,MANIPURI (Since 1973),Novel
698,1991,Numitti Asum Thengjillakali ,Yumlemban Ibomcha Singh,MANIPURI (Since 1973),Short stories
699,1990,Mapal Naidabasida Ei ,Nongthombam Biren Singh,MANIPURI (Since 1973),Poetry
700,1989,Tatkhrabha Punshi Leipul ,Nilabir Sharma Shastri,MANIPURI (Since 1973),Short stories
701,1988,Mamangthong Lollabadi Maninghthongda Lakaudana ,E. Sonamani Singh,MANIPURI (Since 1973),Short stories
702,1987,Tirtha Yatra ,E. Nilakanta Singh,MANIPURI (Since 1973),Poetry
703,1986,Mangi Isei ,Khumanthem Prakash Singh,MANIPURI (Since 1973),Short stories
704,1985,Vir Tikendrajit Road ,H. Guno Singh,MANIPURI (Since 1973),Novel
705,1984,Chekla Paikhrabada ,Lamabam Viramani Singh,MANIPURI (Since 1973),Short stories
706,1983,Karnagi Mama Amasung Karnagi Aroiba Yahip ,N. Ibobi Singh,MANIPURI (Since 1973),Play
707,1982,Pistal Ama Kundallei Ama ,E. Dinamani Singh,MANIPURI (Since 1973),Short stories
708,1981,Kalenthagi Leipaklei ,E. Rajanikanta Singh,MANIPURI (Since 1973),Short stories
709,1979,Boro Saheb Ongbi Sanatombi ,M.K. Binodini Devi,MANIPURI (Since 1973),Novel
710,1978,Ngabongkhao ,G.C. Tongbra,MANIPURI (Since 1973),Drama
711,1977,Aseibagi Nitaipod ,A. Minaketan Singh,MANIPURI (Since 1973),Poetry
712,1976,Mamang Leikai Thambal Shatley ,L. Samarendra Singh,MANIPURI (Since 1973),Poetry
713,1974,Ilisa Amagi Mahao ,N. Kunjamohan Singh,MANIPURI (Since 1973),Short stories
714,1973,Imphal Amasung Magi Nungshiki Phibam Ishing ,Pacha Meitai,MANIPURI (Since 1973),Novel
715,2023,Ringan ,Krushnat Khot,MARATHI,Novel
716,2022,Ujavya Sondechya Bahulya ,Praveen Dashrath Bandekar,MARATHI,Novel
717,2021,Baluchya Awasthantarachi Diary ,Kiran Gurav,MARATHI,Short Stories
718,2020,Udya ,Nanda Khare,MARATHI,Novel
719,2019,Kadachit Ajoonahi ,Anuradha Patil,MARATHI,Poetry
720,2018,Sarjanprerana ani Kavitwashodh ,Ma. Su. Patil,MARATHI,Literary Criticism
721,2017,Bolave Te Amhi ,Shrikant Deshmukh,MARATHI,Poetry
722,2016,Aalok ,Asaram Lomate,MARATHI,Short Stories
723,2015,Chalat-Chitravyooh ,Arun Khopkar,MARATHI,Memoirs
724,2014,Chaar Nagarantale Maaze Viswa ,Jayant Vishnu Naralikar,MARATHI,Autobiography
725,2013,Vachanaryachi Rojanishee ,Satish Kalasekar,MARATHI,Essays
726,2012,Phoenixchya Rakhetun Uthala Mor ,Jayant Pawar,MARATHI,Short Stories
727,2011,Varyane Halate Raan ,Grace Manik Godghate,MARATHI,Essays
728,2010,Rujuvat-Asvad : Samiksha : Mimamsa ,Ashok R. Kelkar,MARATHI,Criticism
729,2009,Chitralipi ,Vasant Abaji Dahake,MARATHI,Poetry
730,2008,Utsukatene Mee Zopalo ,Shyam Manohar,MARATHI,Novel
731,2007,Maharshi Vitthal Ramaji Shinde: Jeevan Va Karya ,G.M. Pawar,MARATHI,Biography
732,2006,Bhoomi ,Asha Bage,MARATHI,Novel
733,2005,Bhijaki Vahi ,Arun Kolatkar,MARATHI,Poetry
734,2004,Baromas ,Sadanand Deshmukh,MARATHI,Novel
735,2003,Dangora : Eka Nagaricha ,T.V. Saradeshmukh,MARATHI,Novel
736,2002,Yugant ,Mahesh Elkunchwar,MARATHI,Play
737,2001,Tanakat ,Rajan Gavas,MARATHI,Novel
738,2000,Panzad ,Namdeo Dhondo Mahanor,MARATHI,Poetry
739,1999,Tamrapat ,Ranganath Pathare,MARATHI,Novel
740,1998,Tukaram Darshan ,Sadanand Shridhar More,MARATHI,Criticism
741,1997,Dnyaneshwaritil Laukik Srishti ,Madhukar Vasudev Dhond,MARATHI,Criticism
742,1996,Eka Mungiche Mahabharat ,Gangadhar Gadgil,MARATHI,Autobiography
743,1995,Raghavavel ,Namdeo Kamble,MARATHI,Novel
744,1994,Ekun Kavita-I ,Dilip Chitre,MARATHI,Poetry
745,1993,Mardhekaranchi Kavita: Swarup ani Sandarbha ,Vijaya Rajadhyaksha,MARATHI,Literary criticism
746,1992,Jhada Jhadti ,Vishwas Patil,MARATHI,Novel
747,1991,Teeka Svayamvara ,Bhalchandra Nemade,MARATHI,Criticism
748,1990,Zombi ,Anand Ratan Yadav,MARATHI,Autobiographical Novel
749,1989,Haravlele Diwas ,Prabhakar Waman Urdhwareshe,MARATHI,Autobiography
750,1988,Uchalya ,Laxman Gaikwad,MARATHI,Autobiography
751,1987,Shri Vithal: Ek Mahasamanvaya ,R.C. Dhere,MARATHI,Literary criticism
752,1986,Khoon Gathee ,N.G. Deshpande,MARATHI,Poetry
753,1985,Ek Zad Ani Don Pakshi ,Vishram Bedekar,MARATHI,Autobiography
754,1984,Garbharesheem ,Indira Sant,MARATHI,Poetry
755,1983,Sattantar ,Vyankatesh Madgulkar,MARATHI,Novel
756,1982,Saundaryanubhav ,Prabhakar Padhye,MARATHI,Literary criticism
757,1981,Upara ,Laxman Mane,MARATHI,Autobiography
758,1980,Salam ,Mangesh K. Padgaonkar,MARATHI,Poetry
759,1979,"Srishti, Saundarya ani Sahityamulya ",Saratchandra Muktibodh,MARATHI,Literary criticism
760,1978,Nakshtranche Dene ,C.T. Khanolkar Arati Prabhu,MARATHI,Poetry
761,1977,Dashpadi ,A.R. Deshpande ‘Anil’,MARATHI,Poetry
762,1976,Smaran Gatha ,G.N. Dandekar,MARATHI,Autobiographical Novel
763,1975,Soundarya Mimansa ,R.B. Patankar,MARATHI,Aesthetics
764,1974,Natasamrat ,V.V. Shirwadkar,MARATHI,Play
765,1973,Kajalmaya ,G.A. Kulkarni,MARATHI,Short Stories
766,1972,Jevha Manus Jaga Hoto ,Godavari Parulekar,MARATHI,Autobiography
767,1971,Pais ,Durga Bhagwat,MARATHI,Essays
768,1970,Adarsha Bharat-Sevaka ,N.R. Phatak,MARATHI,Biography
769,1969,Natyacharya Deval ,S.N. Banhatti,MARATHI,Biography
770,1968,Yugant ,Iravati Karve,MARATHI,Interpretation of the Mahabharata
771,1967,Bhasha: Itihas ani Bhoogol ,N.G. Kalelkar,MARATHI,Linguistic study
772,1966,Sri Shiv Chhatrapati ,T.S. Shejwalkar,MARATHI,Historical research
773,1965,Vyakti ani Valli ,P.L. Deshpande,MARATHI,Sketches
774,1964,Swami ,Ranjit Desai,MARATHI,Novel
775,1963,Ratha-Chakra ,Na. Pendse,MARATHI,Novel
776,1962,Anamikachi Chintanika ,P.Y. Deshpande,MARATHI,Philosophical reflections
777,1961,Dr. Ketkar ,D.N. Gokhale,MARATHI,Biography
778,1960,Yayati ,V.S. Khandekar,MARATHI,Novel
779,1959,Bharadya Sahityasastra ,G.T. Deshpande,MARATHI,A treatise on poetics
780,1958,Bahurupee ,Chintaman Ganesh Kolhatkar,MARATHI,Autobiography
781,1956,Saundarya ani Sahitya ,B.S. Mardhekar,MARATHI,A study of Aesthetics
782,1955,Vaidik Samskriticha Vikas ,Tarkateertha Shastri Laxman Joshi,MARATHI,Cultural history
783,2023,Loksahitya Ra Loksanskritiko Parichaya ,Judhabir Rana,NEPALI (Since 1977),Essays
784,2022,Saino ,K.B. Nepali,NEPALI (Since 1977),Drama
785,2021,Usha Anirudha ,Chhabilal Upadhyaya,NEPALI (Since 1977),Epic Poetry
786,2020,Kirayako Kokh ,Shankar Dev Dhakal,NEPALI (Since 1977),Novel
787,2019,Biswa Euta Pallo Gaon ,Salon Karthak,NEPALI (Since 1977),Travelogue
788,2018,Kina Royeu Upamaa ,Lok Nath Upadhyay Chapagain,NEPALI (Since 1977),Short Stories
789,2017,Kriti Vimarsha ,Bina Hangkhim,NEPALI (Since 1977),Literary Criticism
790,2016,Janmabhumi Mero Swadesh ,Gita Upadhyay,NEPALI (Since 1977),Novel
791,2015,Samayaka Prativimbaharu ,Gupta Pradhan,NEPALI (Since 1977),Short Stories
792,2014,Satta Grahan ,Nanda Hankhim,NEPALI (Since 1977),Short Stories
793,2013,Manka Lahar Ra Raharharu ,Man Bahadur Pradhan,NEPALI (Since 1977),Travelogue
794,2012,Ekantavas ,Uday Thulung,NEPALI (Since 1977),Short Stories
795,2010,Akashlay Pani Thawan Khoji Rahechha ,Gopi Narayan Pradhan,NEPALI (Since 1977),Poetry
796,2009,Gairi Gaon Ki Chameli ,Samiran Chhetri ‘Priyadarshi’,NEPALI (Since 1977),Short Stories
797,2008,Kehi Namileka Rekhaharu ,Haiman Das Rai ‘Kiraf ’,NEPALI (Since 1977),Short Stories
798,2007,Curfew ,Lakshman Srimal,NEPALI (Since 1977),Play
799,2006,Droha ,Bhim Dahal,NEPALI (Since 1977),Novel
800,2005,Jeevan GoretoMa ,Krishna Singh Moktan,NEPALI (Since 1977),Novel
801,2004,Shanti Shandeha ,Jos Yonjan ‘Pyasi’,NEPALI (Since 1977),Poetry
802,2003,Athah ,Bindya Subha,NEPALI (Since 1977),Novel
803,2002,Udasin Rukhharu ,Prem Pradhan,NEPALI (Since 1977),Novel
804,2001,Aahat Anubhuti ,Lakhi Devi Sundas,NEPALI (Since 1977),Short stories
805,2000,Nisansmaran ,Ramlal Adhikari,NEPALI (Since 1977),Essays
806,1999,Bishaun Shatabdi Ki Monalisa ,Bikram Bir Thapa,NEPALI (Since 1977),Short stories
807,1998,Adim Busty ,Man Prasad Subba,NEPALI (Since 1977),Poetry
808,1997,Veer Jatiko Amar Kahani ,Mani Prasad Rai,NEPALI (Since 1977),Biographical Essays
809,1996,Nihsabda ,MohanThakuri,NEPALI (Since 1977),Poetry
810,1995,Dr. Parasmani Ko Jiwan Yatra ,Nagendramani Pradhan,NEPALI (Since 1977),Biography
811,1994,Paryavekshan ,Jiwan Namdung,NEPALI (Since 1977),Essays
812,1993,Mrigatrishna ,Sanu Lama,NEPALI (Since 1977),Short stories
813,1992,Indra Dhanush ,R.P. Lama,NEPALI (Since 1977),Essays
814,1991,Hypocret Champ-Gurans Ra Anya Kavita ,Girmee Sherpa,NEPALI (Since 1977),Poetry
815,1990,Aama ,Tulsiram Sharma ‘Kashyap’,NEPALI (Since 1977),Poetry
816,1989,Karna-Kunti ,Tulsi Bahadur Chhetri,NEPALI (Since 1977),Epic
817,1988,Usha Manjari ,Pushpalal Upadhyaya,NEPALI (Since 1977),Poetry
818,1987,Brahmaputraka Chheu-Chhau ,Lil Bahadur Chetri,NEPALI (Since 1977),Novel
819,1986,Chakrabyuha ,Sharad Chhetri,NEPALI (Since 1977),Short stories
820,1985,Nilkanth ,Matsyendra Pradhan,NEPALI (Since 1977),Novel
821,1984,Samaj Darpan ,Ramchandra Giri,NEPALI (Since 1977),Epic
822,1983,Niyati ,Indra Sundas,NEPALI (Since 1977),Novel
823,1982,Binsiyako Sanskriti ,M.M. Gurung,NEPALI (Since 1977),Essays
824,1981,Naya Kshitij Ko Khoj ,Asit Rai,NEPALI (Since 1977),Novel
825,1980,Sunakhari ,Okima Gwyn,NEPALI (Since 1977),Novel
826,1979,Maulo ,Guman Singh Chamling,NEPALI (Since 1977),Essays
827,1978,Khaharey ,Shiva Kumar Rai,NEPALI (Since 1977),Short stories
828,1977,Nepali Upanyas Ka Adharharu ,Indra Bahadur Rai,NEPALI (Since 1977),Literary criticism
829,2023,Aprastuta Mrutyu ,Ashutosh Parida,ODIA,Poetry
830,2022,Dayanadi ,Gayatribala Panda,ODIA,Poetry
831,2021,Sarijaithiba Apera ,Hrushikesh Mallick,ODIA,Poetry
832,2020,Samudrakula Ghara ,Yashodhara Mishra,ODIA,Short Stories
833,2019,Bhaswati ,Tarun Kanti Mishra,ODIA,Short Stories
834,2018,Prasanga Puruna Bhabana Nua ,Dasarathi Das,ODIA,Literary Criticism
835,2017,Etavatira Shilpi ,Gayatri Saraf,ODIA,Short Stories
836,2016,Prapti ,Paramita Satpathy,ODIA,Short Stories
837,2015,Mahishasurara Muhan ,Bibhuti Pattanaik,ODIA,Short Stories
838,2014,Bipula Diganta ,Gopalkrushna Rath,ODIA,Poetry
839,2013,Banaprastha ,Bijoy Misra,ODIA,Play
840,2012,Kanta 0' Anyanya Galpa ,Gourahari Das,ODIA,Short Stories
841,2011,Achihna Basabhumi ,Kalpanakumari Devi,ODIA,Novel
842,2010,Jibanara Chalapathe ,Pathani Pattnaik,ODIA,Autobiography
843,2009,Mruqaya ,Phani Mohanty,ODIA,Poetry
844,2008,Asaranti Anasara ,Pramod Kumar Mohanty,ODIA,Poetry
845,2007,Sukha Sanhita ,Dipak Mishra,ODIA,Poetry
846,2006,Swarodaya ,Bansidhar Sarangi,ODIA,Poetry
847,2005,Gopapura ,Ramachandra Behera,ODIA,Short Stories
848,2004,Bharatiya Sanskruti O Bhagwadgita ,Prafulla Kumar Mohanty,ODIA,Essays
849,2003,Suryasnata ,Jatindra Mohan Mohanty,ODIA,Criticism
850,2002,Gandhi Manisha ,Sarat Kumar Mohanty,ODIA,Biography
851,2001,Tanmaya Dhuli ,Pratibha Satpathy,ODIA,Poetry
852,2000,Ullanghan ,Pratibha Ray,ODIA,Short Stories
853,1999,Garbhagriha ,Haraprasad Das,ODIA,Poetry
854,1998,Biswaku Gabakhya ,Chitta Ranjan Das,ODIA,Criticism
855,1997,Sabutharu Dirgharati ,Chandrasekhar Rath,ODIA,Short stories
856,1996,Mo Jeevana Sangrama ,Satyanarayan Rajaguru,ODIA,Autobiography
857,1995,Kavyasilpi Gangadhara ,Govind Chandra Udgata,ODIA,Criticism
858,1994,Jagata Darshanare Jagannatha ,Guru Charan Patnaik,ODIA,Cultural Study
859,1993,Chalanti Thakura ,Santanu Kumar Acharya,ODIA,Short stories
860,1992,Bichitra Barna ,Rabi Pattnayak,ODIA,Short Stories
861,1991,Ahnika ,Jagannath Prasad Das,ODIA,Poetry
862,1990,Pata Dei ,Binapani Mohanty,ODIA,Short Stories
863,1989,Nai Aarapari ,Bhanuji Rao,ODIA,Poetry
864,1988,Akash Pan Nibida ,Sourindra Barik,ODIA,Poetry
865,1987,Gharadiha ,Nityananda Mahapatra,ODIA,Novel
866,1986,Dwa Suparna ,Soubhagya Kumar Misra,ODIA,Poetry
867,1985,Saila Kalpa ,Rajendra K. Panda,ODIA,Poetry
868,1984,Abhisapta Gandharba ,Mohapatra Nilamani Sahoo,ODIA,Short stories
869,1983,Gan Majlis ,Harekrushna Mehtab,ODIA,Vol. Ill
870,1982,Hasyarasar Natak ,Gopal Chhotrai,ODIA,One-act Plays
871,1981,O Andhagali ,Akhilmohan Patnaik,ODIA,Short Stories
872,1980,Abantar ,Ananta Patnaik,ODIA,Poetry
873,1979,Mo Kahani ,Kunjabihari Das,ODIA,Autobiography
874,1978,Saptama Ritu ,Ramakanta Rath,ODIA,Poetry
875,1977,Kumbhara Chaka ,Kali Charan Patnaik,ODIA,Autobiography
876,1976,Thakura Ghara ,Kishori Charan Das,ODIA,Short Stories
877,1975,Surya O Andhakar ,Radha Mohan Gadanayak,ODIA,Poetry
878,1974,Sabdar Akash ,Sitakant Mahapatra,ODIA,Poetry
879,1973,Samudra Snana ,G.P. Mohanty,ODIA,Poetry
880,1972,Manojdasank Katha O Kahini ,Manoj Das,ODIA,Short Stories
881,1971,Aranya Fasal ,Manoranjan Das,ODIA,Play
882,1970,Sarisrupa ,Binod Chandra Nayak,ODIA,Poetry
883,1969,Nila Saila ,Surendra Mohanty,ODIA,Novel
884,1967,Odiya Sahityara Itihas ,Suryanarayan Das,ODIA,History of Literature
885,1966,Banka O Sidha ,Godavarish Mahapatra,ODIA,Poetry
886,1965,Uttarayana ,Baikunthanath Patnaik,ODIA,Poetry
887,1964,Atmajibani ,Nilakantha Das,ODIA,Autobiography
888,1963,Kabka-1962 ,Satchidananda Raut Roy,ODIA,Poetry
889,1961,Ardhasatabdir Odisa O Tanhire Mo Sthan ,Godavaris Mishra,ODIA,Autobiography
890,1958,Ka ,Kanhucharan Mohanty,ODIA,Novel
891,1955,Amrutara Santan ,Gopinath Mohanty,ODIA,Novel
892,2023,Mann Di Chip ,Swarnjit Savi,PUNJABI,Poetry
893,2022,Main Aynghosh Nahi ,Sukhjit,PUNJABI,Short Stories
894,2021,Sullan Da Salan ,Khalid Hussain,PUNJABI,short Stories
895,2020,Aam Khass ,Gurdev Singh Rupana,PUNJABI,Short Stories
896,2019,Antheen ,Kirpal Kazak,PUNJABI,Short Stories
897,2018,Kone Da Suraj ,Mohanjit,PUNJABI,Poetry
898,2017,Slow Down ,Nachhattar,PUNJABI,Novel
899,2016,Masia Di Raat ,Swarajbir,PUNJABI,Play
900,2015,Maat Lok ,Jaswinder Singh,PUNJABI,Novel
901,2014,Agarbatti ,Jaswinder,PUNJABI,Poetry
902,2013,Nirvaan ,Manmohan,PUNJABI,Novel
903,2012,Maha Kambani ,Darshan Buttar,PUNJABI,Poetry
904,2011,Dhaawaan Dilli De Kingrey ,Baldev Singh,PUNJABI,Novel
905,2010,Kaal Pehar Gharian ,Vanita,PUNJABI,Poetry
906,2009,Tatti Tavi Da Sach ,Atamjit,PUNJABI,Play
907,2008,Sudhar Ghar ,Mitter Sain Meet,PUNJABI,Novel
908,2007,Kamandal ,Jaswant Deed,PUNJABI,Poetry
909,2006,Ishk Baj Namaz Da Haz Nahi ,Ajmer Singh Aulakh,PUNJABI,Plays
910,2005,Agni-Kalas ,Gurbachan Singh Bhullar,PUNJABI,Short Stories
911,2004,Kavita Di Bhumika ,Sutinder Singh Noor,PUNJABI,Criticism
912,2003,Bhagat Singh Shahid : Natak Tikri ,Charan Dass Sidhu,PUNJABI,Play
913,2002,Pulaan Ton Paar ,Harbhajan Singh Halwarvi,PUNJABI,Poems
914,2001,Shabdant ,Dev,PUNJABI,Poetry
915,2000,Chauthi Koot ,Waryam Singh Sandhu,PUNJABI,Short Stories
916,1999,Gawache Arth ,Niranjan Singh Tasneem,PUNJABI,Novel
917,1998,Moon Di Akh ,Mahan Bhandari,PUNJABI,Short Stories
918,1997,Taushali Di Hanso ,Jaswant Singh Kanwal,PUNJABI,Novel
919,1996,Pakhi ,Santosh Singh Dhir,PUNJABI,Short Stories
920,1995,Jugnoo Deeva Te Darya ,Jagtar,PUNJABI,Poetry
921,1994,Nawen Yug De Waris ,Mohinder Singh Sarna,PUNJABI,Short Stories
922,1993,Haneray Vich Sulgadi Varnmala ,Surjit Patar,PUNJABI,Poetry
923,1992,Kujh Ankeha Vi ,Prem Prakash,PUNJABI,Short Stories
924,1991,Jhanan Di Rat ,Harinder Singh Mehboob,PUNJABI,Poetry
925,1990,Uninda Wartman ,Manjit Tiwana,PUNJABI,Poetry
926,1989,Kahikashan ,Tara Singh Kamil,PUNJABI,Poetry
927,1988,Galiey Chikar Duri Ghar ,S.S. Wanjara Bedi,PUNJABI,Autobiography
928,1987,Kothe Kharak Singh ,Ram Sarup Anakhi,PUNJABI,Novel
929,1986,Shahar Te Gran ,S. Sujan Singh,PUNJABI,Short Stories
930,1985,Khana Badosh ,Ajeet Cour,PUNJABI,Autobiography
931,1984,Pagal Lok ,Kapur Singh Ghuman,PUNJABI,Play
932,1983,Anik Bishthar ,Pritam Singh Safeer,PUNJABI,Poetry
933,1982,Amar Katha ,Gulzar Singh Sandhu,PUNJABI,Short Stories
934,1981,Garaj Ton Footpath Teek ,V.N. Tiwari,PUNJABI,Poetry
935,1980,Suraj Te Kehkashan ,Sukhpal Vir Singh ‘Hasrat’,PUNJABI,Poetry
936,1979,Karuna Di Chho Ton Magron ,Jaswant Singh Neki,PUNJABI,Poetry
937,1978,Urvar Par ,Gurmukh Singh Musafir,PUNJABI,Short Stories
938,1977,Kach De Vastar ,Sohan Singh Misha,PUNJABI,Poetry
939,1976,Ba Mulahaza Hoshiar ,Narenderpal Singh,PUNJABI,Novel
940,1975,Adh Chanani Raat ,Gurdial Singh,PUNJABI,Novel
941,1974,Jug Badal Gaya ,Sohan Singh Seetal,PUNJABI,Novel
942,1973,"Kal, Aj Te Balak ",Harcharan Singh,PUNJABI,Play
943,1972,Mittar Pyara ,Sant Singh Sekhon,PUNJABI,Play
944,1971,Eho Hamara Jiwana ,Dalip Kaur Tiwana,PUNJABI,Novel
945,1969,Na Dhuppe Na Chaanve ,Harbhajan Singh,PUNJABI,Poetry
946,1968,Naven Lok ,Kulwant Singh Virk,PUNJABI,Short Stories
947,1967,Loona ,Shiv Kumar,PUNJABI,Verse-Play
948,1965,Ik Chhit Chanan Di ,Kartar Singh Duggal,PUNJABI,Short Stories
949,1964,Pabbi ,Prabhjot Kaur,PUNJABI,Poetry
950,1962,Rangmanch ,Balwant Gargi,PUNJABI,History and Development of Indian Theatre
951,1961,Ik Miyan Do Talwaran ,Nanak Singh,PUNJABI,Novel
952,1959,Wadda Vela ,Mohan Singh,PUNJABI,Poetry
953,1956,Sunehure ,Amrita Pritam,PUNJABI,Poetry
954,1955,Mere Sainya Jio ,Bhai Vir Singh,PUNJABI,Poetry
955,2023,Palakati Preet ,Gaje Singh Rajpurohit,RAJASTHANI (Since 1974),Poetry
956,2022,Alekhun Amba ,Kamal Ranga,RAJASTHANI (Since 1974),Play
957,2021,Mugtee ,Meethesh Nirmohi,RAJASTHANI (Since 1974),Poetry
958,2020,Sanskriti Ri Sanatan Deeth ,Bhanwar Singh Samour,RAJASTHANI (Since 1974),Essays
959,2019,Bareek Baat ,Ramsawroop Kisan,RAJASTHANI (Since 1974),Short Stories
960,2018,Kavita Devai Deeth ,Rajesh Kumar Vyas,RAJASTHANI (Since 1974),Poetry
961,2017,Bina Hasal Pai ,Neeraj Daiya,RAJASTHANI (Since 1974),Criticism
962,2016,Murdjat Ar Dujee Kahaniyan ,Bulaki Sharma,RAJASTHANI (Since 1974),Short Stories
963,2015,Gawaad ,Madhu Acharya Ashawadi,RAJASTHANI (Since 1974),Novel
964,2014,Sundar Nain Sudha ,Rampal Singh Rajpurohit,RAJASTHANI (Since 1974),Short Stories
965,2013,Aanthyoi Nahi Din Hal ,Ambika Dutt,RAJASTHANI (Since 1974),Poetry
966,2012,Aankh Hinye Ra Hariyal Sapana ,Aaidan Singh Bhati,RAJASTHANI (Since 1974),Poetry
967,2011,Joon-Jatra ,Atul Kanakk,RAJASTHANI (Since 1974),Novel
968,2010,Meeran ,Manqat Badal,RAJASTHANI (Since 1974),Poetry
969,2009,Mai Eida Poot Jan ,Ratan Jangid,RAJASTHANI (Since 1974),Short Stories
970,2008,Paqarva ,Dinesh Panchal,RAJASTHANI (Since 1974),Short Stories
971,2007,Aalochana Ree Aankh Sun ,Kundan Mali,RAJASTHANI (Since 1974),Criticism
972,2006,Poornamidam ,Laxmi Narayan Ranga,RAJASTHANI (Since 1974),Plays
973,2005,Kisturi Mirag ,Chetan Swami,RAJASTHANI (Since 1974),Short Stories
974,2004,Samhi Khulto Marag ,Nand Bhardwaj,RAJASTHANI (Since 1974),Novel
975,2003,Simaran ,Santosh Mayamohan,RAJASTHANI (Since 1974),Poetry
976,2002,Jiv Ri Jaat ,Bharat Ola,RAJASTHANI (Since 1974),Short Stories
977,2001,Gharano ,Abdul Vaheed ‘Kamal’,RAJASTHANI (Since 1974),Novel
978,2000,Kankoo Kabandh ,Jaya Prakash Pandya ‘Jyotipunj’,RAJASTHANI (Since 1974),Play
979,1999,Seer Ro Ghar ,Vasu Acharya,RAJASTHANI (Since 1974),Poetry
980,1998,Ud Ja Re Sua ,Shanti Bharadwaj ‘Rakesh’,RAJASTHANI (Since 1974),Novel
981,1997,Utaryo Hal Abho ,Malchand Tiwari,RAJASTHANI (Since 1974),Poetry
982,1996,Olun Ri Akhiyatan ,Nem Narayan Joshi,RAJASTHANI (Since 1974),Memoirs
983,1995,Kookh Padyai Ree Peed ,Kishore Kalpanakant,RAJASTHANI (Since 1974),Poetry
984,1994,Mati Ri Mahak ,Karnidan Barhath,RAJASTHANI (Since 1974),Short Stories
985,1993,Adhura Supna ,Nrisingh Rajpurohit,RAJASTHANI (Since 1974),Short Stories
986,1992,Dharam Judh ,Arjun Deo Charan,RAJASTHANI (Since 1974),Plays
987,1991,Mhari Kavitavan ,Premji Prem,RAJASTHANI (Since 1974),Poetry
988,1990,Uchhalo ,Rewatdan Charan ‘Kalpit’,RAJASTHANI (Since 1974),Poetry
989,1989,Jamaro ,Yadavendra Sharma ‘Chandra’,RAJASTHANI (Since 1974),Short Stories
990,1988,Anahad Naad ,Bhagwati Lal Vyas,RAJASTHANI (Since 1974),Poetry
991,1987,Saglonri Peeda Swatmegh ,Nain Mal Jain,RAJASTHANI (Since 1974),Poetry
992,1986,Dwarka ,Mahavir Prasad Joshi,RAJASTHANI (Since 1974),Poetry
993,1985,Ek Duniya Mhari ,Sanwar Daiya,RAJASTHANI (Since 1974),Short Stories
994,1984,Maru-Mangal ,Sumer Singh Sekhawat,RAJASTHANI (Since 1974),Poetry
995,1983,Ga-Geet ,Mohan Alok,RAJASTHANI (Since 1974),Poetry
996,1982,Chasmadith Gawah ,Moolchand ‘Pranesh’,RAJASTHANI (Since 1974),Short Stories
997,1981,Barsan Ra Degoda Dungar Langhiyan ,Narayan Singh Bhati,RAJASTHANI (Since 1974),Poetry
998,1980,Mharo Gaon ,Rameshwar Dayal Shrimali,RAJASTHANI (Since 1974),Poetry
999,1979,Paagi ,Chandra Prakash Deval,RAJASTHANI (Since 1974),Poetry
1000,1978,Mevai Ra Runkh ,Anna Ram ‘Sudama’,RAJASTHANI (Since 1974),Novel
1001,1977,Bol Bharamli ,Satya Prakash Joshi,RAJASTHANI (Since 1974),Poetry
1002,1976,Leeltans ,Kanhaiyalal Sethia,RAJASTHANI (Since 1974),Poetry
1003,1975,Pagfero ,Mani Madhukar,RAJASTHANI (Since 1974),Poetry
1004,1974,Batan Ri Phulwari Vol. X ,Vijay Dan Detha,RAJASTHANI (Since 1974),Folk-tales
1005,2023,Shunye Meghganam ,Arun Ranjan Mishra,SANSKRIT,Poetry
1006,2022,Deepmanikyam ,Janardan Prasad Pandey ‘Mani’,SANSKRIT,Poetry
1007,2021,"Srijati Shankhnadam Kil, Kavita ",Vindeshwariprasad Mishr Vinay,SANSKRIT,Poetry
1008,2020,Vaishali ,Mahesh Chandra Sharma Gautam,SANSKRIT,Novel
1009,2019,Prajnachakshusham ,Penna Madhusudan,SANSKRIT,Poetry
1010,2018,Mama Janani ,Rama Kant Shukla,SANSKRIT,Poetry
1011,2017,Gangaputravadanam ,Niranjan Mishra,SANSKRIT,Poetry
1012,2016,Kavyanirjhari ,Sitanath Acharya,SANSKRIT,Poetry
1013,2015,Vanadevi ,Ram Shankar Awasthi,SANSKRIT,Epic
1014,2013,Chaladuravani ,Radhakant Thakur,SANSKRIT,Poetry
1015,2012,Laghupadhyaprhbandhatrayi ,Ramji Thakur,SANSKRIT,Poetry
1016,2011,Bharatayanam ,Harekrishna Satapathy,SANSKRIT,Poetry
1017,2010,Bharqviyam ,Mithila Prasad Tripathi,SANSKRIT,Poetry
1018,2009,Anabheepsitam ,Prashasya Mitra Shastri,SANSKRIT,Short Stories
1019,2008,Rasapriya-Vibhavanam ,Om Prakash Pandey,SANSKRIT,Poetry
1020,2007,Chet Re Cikayena ,Kherwal Saren,SANSKRIT,Play
1021,2006,Tava Sparshe Sparshe ,Harshdev Madhav,SANSKRIT,Poetry
1022,2005,Sri Bhargava Raghaviyam ,Swami Rambhadracharya,SANSKRIT,Epic
1023,2004,Akhyanavallari ,Kala Nath Shastri,SANSKRIT,Fiction
1024,2003,Nirjharini ,Bhaskaracharya Tripathi,SANSKRIT,Poetry
1025,2002,Harsacarita-Manjari ,Kashinath Mishra,SANSKRIT,Poetry
1026,2001,Ko Vai Rasah ,P. Sri. Ramachandrudu,SANSKRIT,Essays
1027,2000,Jagadguru Sri Chandrasekharendra Saraswati Vijayam ,S. Srinivasa Sarma,SANSKRIT,Poetry
1028,1999,Tadeva Gaganam Saivadhara ,Shriniwas Rath,SANSKRIT,Poetry
1029,1998,Pratanini ,Bachchoolal Awasthi,SANSKRIT,Poetry
1030,1997,Triveni ,Shyam Dev Parashar,SANSKRIT,Poetry
1031,1996,Isha ,Keshab Chandra Dash,SANSKRIT,Poetry
1032,1995,Sri Radha Panchashati ,Rasik Vihari Joshi,SANSKRIT,Poetry
1033,1994,Sandhanam ,Radhavallabh Tripathi,SANSKRIT,Poetry
1034,1993,Jayantika ,Jaggu Vakula Bhushana,SANSKRIT,Prose Romance
1035,1992,Bhishma Charitam ,Hari Narayan Dikshit,SANSKRIT,Epic
1036,1991,Svatantrya Sambhavam ,Rewa Prasad Dwivedi,SANSKRIT,Poetry
1037,1990,Srimat-Pratapa-Ranayanam Mahakavyam ,Ogeti Parikshit Sharma,SANSKRIT,Poetry
1038,1989,Sandhya ,Ram Karan Sharma,SANSKRIT,Poetry
1039,1988,Ikshugandha ,Rajendra Mishra,SANSKRIT,Short Stories
1040,1987,Avinasi ,Biswanarayan Shastri,SANSKRIT,Novel
1041,1986,Sri Radhacarita Mahakavyam ,Kalika Prasad Shukla,SANSKRIT,Epic
1042,1985,Vindhyavasini Vijaya Mahakavyam ,Vasant Trimbak Shevde,SANSKRIT,Epic
1043,1984,Sindhu-Kanya ,Shrinath S. Hasurkar,SANSKRIT,Historical Novel
1044,1983,Shri Sambulingeswar Vijaya Campu ,Pandharinathacharya Galgali,SANSKRIT,Biography
1045,1982,Visvabhanu ,P.K. Narayana Pillai,SANSKRIT,Epic
1046,1981,Kapishayani ,Jagannath Pathak,SANSKRIT,Poetry
1047,1980,Krishtubhagavatam ,P.C. Devassia,SANSKRIT,Epic
1048,1979,Keralodayah ,K.N. Ezhuthachan,SANSKRIT,Epic
1049,1977,Buddhavijayakavyam ,Shanti Bhikshu Shastri,SANSKRIT,Poetry
1050,1974,Shrishivarajyodayam ,S.B. Varnekar,SANSKRIT,Epic Poem
1051,1973,Sritilakayasornavah ,M.S. Aney,SANSKRIT,Epic
1052,1970,Shabdatarangini ,V. Subramanya Sastri,SANSKRIT,Treatise on Verbal Cognition
1053,1968,Srigurugovindasimhacharitam ,Satyavrat Shastri,SANSKRIT,Poetry
1054,1967,Chitrakavya Kautukam ,Ramaroop Pathak,SANSKRIT,Poetry
1055,1966,Bhoja’s Sringara Prakasa ,V. Raghavan,SANSKRIT,Aesthetics
1056,1964,Tantrik Vanmaya men Shaktadrishti ,Mm. Gopinath Kaviraj,SANSKRIT,Treatise in Hindi
1057,1963,A History of Dvait School of Vedanta and its Literature ,B.N. Krishnamurti Sharma,SANSKRIT,Research
1058,1961,Vaidik Vijnan aur Bharatiya Sanskriri ,Giridhar Sharma Chaturvedi,SANSKRIT,A study in Hindi
1059,1956,History of Dharma Sastra Vol. IV ,P.V. Kane,SANSKRIT,Research
1060,2023,Jaba Baha ,Taraceen Baskey Turia Chand Baskey,SANTHALI (Since 2005),Short Stories
1061,2022,Sabarnaka Balire Sanan’ Panjay ,Kajli Soren Jagannath Soren,SANTHALI (Since 2005),Poetry
1062,2021,Mane Rena Arhang ,Niranjan Hansda,SANTHALI (Since 2005),Short Stories
1063,2020,Gur Dak Kasa Dak ,Rupchand Hansdah,SANTHALI (Since 2005),Poetry
1064,2019,Sisirjali ,Kali Charan Hembram,SANTHALI (Since 2005),Short Stories
1065,2018,Marom ,Shyam Besra Jiwi Rarec,SANTHALI (Since 2005),Novel
1066,2017,Tahena.n Tangi re ,Bhujanga Tudu,SANTHALI (Since 2005),Poetry
1067,2016,Nalha ,Gobinda Chandra Majhi,SANTHALI (Since 2005),Poetry
1068,2015,Parsi Khatir ,Rabilal Tudu,SANTHALI (Since 2005),Play
1069,2014,Mala Mudam ,Jamadar Kisku,SANTHALI (Since 2005),Play
1070,2013,Chanda Bonga ,Arjun Charan Hembram,SANTHALI (Since 2005),Poetry
1071,2012,Banchaw Akan Goj Hor ,Gangadhar Hansda,SANTHALI (Since 2005),Short Stories
1072,2011,Banchao Larhai ,Aditya Kumar Mandi,SANTHALI (Since 2005),Poetry
1073,2010,Rahi Ranwak’ Kana ,Bhoqla Soren,SANTHALI (Since 2005),Play
1074,2009,Say Sahed ,Damayanti Beshra,SANTHALI (Since 2005),Poetry
1075,2008,Manmi ,Badal Hembram,SANTHALI (Since 2005),Short Stories
1076,2007,Chet Re Cikayana ,Kherwal Saren,SANTHALI (Since 2005),Play
1077,2006,Guru Gomke Pondet Raghunath Murmu ,Ram Chandra Murmu,SANTHALI (Since 2005),Biography
1078,2005,Bhabna ,Jadumani Besra,SANTHALI (Since 2005),Poetry
1079,2023,Hathu Pakidijain ,Vinod Asudani,SINDHI (Since 1959),Poetry-Ghazal
1080,2022,Sindhi Sahit Jo Mukhtasar Itihas ,Kanhaiyalal Lekhwani,SINDHI (Since 1959),Literary History
1081,2021,Nena Nindakhra ,Arjun Chawla,SINDHI (Since 1959),Poetry
1082,2020,Jehad ,Jetho Lalwani,SINDHI (Since 1959),Plays
1083,2019,Jeejal ,Ishwar Moorjani,SINDHI (Since 1959),Short Stories
1084,2018,Jia Mein Taandaa ,Khiman U Mulani,SINDHI (Since 1959),Poetry
1085,2017,Aachhende Laja Maraan ,Jagdish Lachhani,SINDHI (Since 1959),Essays
1086,2016,Akhar Katha ,Nand Javeri,SINDHI (Since 1959),Poetry
1087,2015,Mahengi Murk ,Maya Rahi,SINDHI (Since 1959),Short Stories
1088,2014,Sija Agyaan Buku ,Gope Kamal,SINDHI (Since 1959),Poetry
1089,2013,Mansh-Nagari ,Namdev Tarachandani,SINDHI (Since 1959),Poetry
1090,2012,Miteea Khaan Miteea Taaeen ,Indra Vaswani,SINDHI (Since 1959),Short Stories
1091,2011,...Ta Khawaban Jo Chha Thindo ,Mohan Geham,SINDHI (Since 1959),Plays
1092,2010,Ajan Yaad Aahe ,Laxman Dubey,SINDHI (Since 1959),Poetry
1093,2009,Rishtan Jee Siyasat ,Anand Khemani,SINDHI (Since 1959),Short Stories
1094,2008,Sirjan Jo Sankat Ain Sindhi Kahani ,Hiro Shewkani,SINDHI (Since 1959),Criticism
1095,2007,Vijoon Vasan Aayoon ,Vasudev ‘Nirmal’,SINDHI (Since 1959),Plays
1096,2006,Dharti-A-Jo-Sad ,Kirat Babani,SINDHI (Since 1959),Plays
1097,2005,Andhero Roshan Thiye ,Dholan ‘Rahi’,SINDHI (Since 1959),Poetry
1098,2004,Kavita Khan Kavita Tain ,Satish Rohra,SINDHI (Since 1959),Criticism
1099,2003,Tahqiq Ain Tanqeed ,Hiro Thakur,SINDHI (Since 1959),Essays
1100,2002,Udamandarh Arman ,Hari Himthani,SINDHI (Since 1959),Short Stories
1101,2001,Bhagat ,Prem Prakash,SINDHI (Since 1959),Poetry
1102,2000,Taka Tora ,Param A. Abichandani,SINDHI (Since 1959),Criticism
1103,1999,Barf Jo Thahiyal ,Vasdev Mohi,SINDHI (Since 1959),Poetry
1104,1998,Zaizalo ,Shyam Jaisinghani,SINDHI (Since 1959),Plays
1105,1997,Tandana ,Ishwar Anchal,SINDHI (Since 1959),Andheri Raat Mein
1106,1996,Gufa Je Hun Paar ,Lakhmi Khilani,SINDHI (Since 1959),Short Stories
1107,1995,Ajho ,Hari Motwani,SINDHI (Since 1959),Novel
1108,1994,Aarsi-A-Aado ,Kala Prakash,SINDHI (Since 1959),Novel
1109,1993,Hathayogi ,Tara Mirchandani,SINDHI (Since 1959),Novel
1110,1991,Soche Joon Sooratoon ,Harikant Jethwani,SINDHI (Since 1959),Poetry
1111,1990,Shishe-Ja-Ghar ,Goverdhan Mahboobani,SINDHI (Since 1959),Poetry
1112,1989,Bahi Ja Warisa ,M. Kamal,SINDHI (Since 1959),Poetry
1113,1988,Se Sab Sandhyam Saah Sen ,Moti Prakash,SINDHI (Since 1959),Travelogue
1114,1987,Chaliha-Chorasi ,Harish Vaswani,SINDHI (Since 1959),Literary Criticism
1115,1986,Vichoro ,Sundri A. Uttamchandani,SINDHI (Since 1959),Short Stories
1116,1985,Mero Sij ,Arjan ‘Hasid’,SINDHI (Since 1959),Poetry
1117,1984,Uha Shaam ,Mohan Kalpana,SINDHI (Since 1959),Short Stories
1118,1983,Andho Doonhon ,Arjan Mirchandani ‘Shad’,SINDHI (Since 1959),Poetry
1119,1982,Munhinji Hayati-a-Ja Sona Ropa Warq ,Popati R. Hiranandani,SINDHI (Since 1959),Autobiography
1120,1981,Surkh Gulaab-Suraha Khwaab ,Prabhu ‘Wafa’,SINDHI (Since 1959),Poetry
1121,1980,Yad Hika Pyar Ji ,Krishin Khatwani,SINDHI (Since 1959),Novel
1122,1979,Pal Pal Jo Parlao ,Hari Daryani ‘Dilgir’,SINDHI (Since 1959),Poetry
1123,1978,Cheekh ,H.I. Sadarangani,SINDHI (Since 1959),Poetry
1124,1976,Jee-a-Jharoko ,Laxman Bhatia ‘Komal’,SINDHI (Since 1959),Poetry
1125,1974,Hunaje Atam Jo Maut ,Lal Pushp,SINDHI (Since 1959),Novel
1126,1973,Pyar Ji Pyas ,Gobind Malhi,SINDHI (Since 1959),Novel
1127,1972,Aparajita ,Guno Samtaney,SINDHI (Since 1959),Short Stories
1128,1971,Kumach ,Krishin Rahi,SINDHI (Since 1959),Poetry
1129,1970,Wari-a-Bharyo Palaand ,Narayan ‘Shyam’,SINDHI (Since 1959),Poetry
1130,1969,Sindhi Nasr Ji Tarikh ,M.U. Malkani,SINDHI (Since 1959),History of Sindhi Prose
1131,1968,Shah Jo Rasalo ,Kalyan B. Advani,SINDHI (Since 1959),Mujamil
1132,1966,Surahi ,Lekhraj Kishinchand ‘Aziz’,SINDHI (Since 1959),Poetry
1133,1964,Anokha Azmooda ,Ram Panjwani,SINDHI (Since 1959),Reminiscences
1134,1959,Kanwar ,Tirth Basant,SINDHI (Since 1959),Biography
1135,2023,Neervazhi Paduvum ,Rajasekaran Devibharathi,TAMIL,Novel
1136,2022,Kaala Paani ,M. Rajendran,TAMIL,Novel
1137,2021,Civappuk Kazuttu Tan Oru Paccaip Paravai ,Ambai,TAMIL,Short Stories
1138,2020,Sellaatha Panam ,Imaiyam,TAMIL,Novel
1139,2019,Sool ,Cho. Dharman,TAMIL,Novel
1140,2018,Sanchaaram ,S. Ramakrishnan,TAMIL,Novel
1141,2017,Kaandhal Naatkal ,Late Inqulab,TAMIL,Poetry
1142,2016,Oru Siru Isai ,Vannadhasan,TAMIL,Short Stories
1143,2015,Ilakkiya Suvadugal ,A. Madhavan,TAMIL,Essays
1144,2014,Agngnaadi ,Poomani,TAMIL,Novel
1145,2013,Korkai ,R.N. Joe D’ Cruz,TAMIL,Novel
1146,2012,Thol ,D. Selvaraj,TAMIL,Novel
1147,2011,Kaval Kottam ,S. Venkatesan,TAMIL,Novel
1148,2010,Soodiya Poo Soodarka ,Nanjil Nadan,TAMIL,Short Stories
1149,2009,Kaiyappam ,Puviyarasu,TAMIL,Poetry
1150,2008,Minsarapoo ,Melanmai Ponnusamy,TAMIL,Short Stories
1151,2007,Ilai Uthir Kaalam ,Neela Padmanabhan,TAMIL,Novel
1152,2006,Akayathukku Aduthaveedu ,Mu Metha,TAMIL,Poetry
1153,2005,Kalmaram ,G. Thilakavathi,TAMIL,Novel
1154,2004,Vanakkam Valluva ,Tamilanban,TAMIL,Poetry
1155,2003,Kallikattu Ithikasam ,R. Vairamuthu,TAMIL,Novel
1156,2002,Oru Giraamattu Nadi ,Sirpi Balasubramaniam,TAMIL,Poems
1157,2001,Sutanthira Daagam ,C.S. Chellappa,TAMIL,Novel
1158,2000,Vimarsanangal Mathi Puraikal Pettikal ,Thi.Ka. Sivasankaran,TAMIL,3 Parts
1159,1999,Aalapanai ,S. Abdul Rahman,TAMIL,Poetry
1160,1998,Visaranai Commission ,Sa. Kandasamy,TAMIL,Novel
1161,1997,Chaivu Narkali ,Thoppil Mohamed Miran,TAMIL,Novel
1162,1996,Appavin Snehidar ,Ashokamitran,TAMIL,Short Stories
1163,1995,Vaanam Vasappadum ,Prapanchan,TAMIL,Novel
1164,1994,Pudhiya Dharisanangal ,Ponneelan Kandeswara Bhaktavalsalan,TAMIL,Novel
1165,1993,Kathukal ,M.V. Venkataram,TAMIL,Novel
1166,1992,Kutralakurinji ,Kove. Manisekaran,TAMIL,Historic Novel
1167,1991,Gopallapurarthu Makkal ,Ki. Rajanarayanan,TAMIL,Novel
1168,1990,Veril Pazhutha Pala ,Su. Samuthiram,TAMIL,Novel
1169,1989,Chintanadi ,L.S. Ramamirtham,TAMIL,Autobiographical Essays
1170,1988,Vazhum Valluvam ,V.C. Kulandaiswamy,TAMIL,Literary Criticism
1171,1987,Mudalil Iravu Varum ,Aadhavan Sundaram,TAMIL,Short Stories
1172,1986,Ilakkiyathukku Oru lyakkam ,Ka. Naa. Subramanyam,TAMIL,Literary Criticism
1173,1985,Kamban: Putiya Parvai ,A.S. Gnanasambandan,TAMIL,Literary Criticism
1174,1984,Oru Kaveriyai Pola ,Thirupurasundari ‘Lakshmi’,TAMIL,Novel
1175,1983,Bharathi: Kalamum Karuthum ,T.M.C. Raghunathan,TAMIL,Literary Criticism
1176,1982,Manikkodikalam ,B.S. Ramaiya,TAMIL,Literary History
1177,1981,Puthiya Urai Nadai ,M. Ramalingam,TAMIL,Literary Criticism
1178,1980,Cheraman Kadali ,Kannadasan,TAMIL,Novel
1179,1979,Sakthi-Vaithiyam ,T. Janakiraman,TAMIL,Short Stories
1180,1978,Pudukavkhaiyin Thottramum Valarchiyum ,Vallikannan,TAMIL,Literary Criticism
1181,1977,Kuruthi-P-Punal ,Indira Parthasarathi,TAMIL,Novel
1182,1975,Tharkkala Tamizh Illakkiyam ,R. Dhandayudham,TAMIL,Literary Criticism
1183,1974,Thirukkural Nedhi Illakkiyam ,K.D. Thirunavukkarasu,TAMIL,Literary Criticism
1184,1973,Verukku Neer ,Rajam Krishnan,TAMIL,Novel
1185,1972,Sila Nerangalil Sila Manithargal ,D. Jayakanthan,TAMIL,Novel
1186,1971,Samudaya Veedhi ,Naa. Parthasarathy,TAMIL,Novel
1187,1970,Anbalippu ,G. Alagirisami,TAMIL,Short Stories
1188,1969,Pisirantaiyar ,Bharatidasan,TAMIL,Play
1189,1968,Vellai Paravai ,A. Srinivasa Raghavan,TAMIL,Poetry
1190,1967,Virar Ulagam ,K.V. Jagannathan,TAMIL,Literary Criticism
1191,1966,Vallalar Kanda Orumaippadu ,M.P. Sivagnanam,TAMIL,Biography
1192,1965,Sri Ramanujar ,P. Sri Acharya,TAMIL,Biography
1193,1963,Vengaiyin Maindhan ,‘Akilon’ P. V. Akilandam,TAMIL,Novel
1194,1962,Akkarai Cheemaiyil ,Somu Mi. Pa. Somasundaram,TAMIL,Travelogue
1195,1961,Agal Vilakku ,Mu. Varadarajan,TAMIL,Novel
1196,1958,Chakravarti Tirumagan ,C. Rajagopalachari,TAMIL,Ramayana retold in Prose
1197,1956,Alai Osai ,R. Krishnamurti Kalki,TAMIL,Novel
1198,1955,Tamil Inbam ,R.P. Sethu Pillai,TAMIL,Essays
1199,2023,Rameshwaram Kaakulu Marikonni Kathalu ,T. Patanjali Sastry,TELUGU,Short Stories
1200,2022,Manodharmaparagam ,Madhuranthakam Narendra,TELUGU,Novel
1201,2021,Vallankitaalam ,Gorati Venkanna,TELUGU,Poetry
1202,2020,Agniswaasa ,Nikhileswar,TELUGU,2015-2017
1203,2019,Septabhoomi ,Bandi Narayana Swamy,TELUGU,Novel
1204,2018,Vimarshini ,Kolakaluri Enoch,TELUGU,Essays
1205,2017,Gaali Rangu ,Devipriya,TELUGU,Poetry
1206,2016,Rajanigandha ,Papineni Sivasankar,TELUGU,Poetry
1207,2015,Vimuktha ,Volga,TELUGU,Short Stories
1208,2014,Mana Navalalu-Mana Kathanikalu ,Rachapalem Chandrashekara Reddy,TELUGU,Literary Criticism
1209,2013,Sahityaakashmlo Sagam ,Katyayani Vidmahe,TELUGU,Essays
1210,2012,Peddibhotla Subbaramaiah Kathalu - Vol-1 ,Peddibhotla Subbaramaiah,TELUGU,Short Stories
1211,2011,Swaralayalu ,Samala Sadasiva,TELUGU,Essays
1212,2010,Kaluthunna Poolathota ,Syed Saleem,TELUGU,Novel
1213,2009,Draupadi ,Yarlagadda Lakshmi Prasad,TELUGU,Novel
1214,2008,Purushothamudu ,Chitiprolu Krishna Murthy,TELUGU,Novel
1215,2007,Satapatramu ,late Gadiyaram Ramakrishna Sarma,TELUGU,Autobiography
1216,2006,Astivanadam Aavali Teerana ,Munipalle B. Raju,TELUGU,Short Stories
1217,2005,Tana Margam ,Abburi Chayadevi,TELUGU,Short Stories
1218,2004,Kalarekhalu ,Naveen,TELUGU,Novel
1219,2003,Sri Krishna Chandrodayamu ,Utpala Satyanarayanacharya,TELUGU,Poetry
1220,2002,Smrti Kinankam ,Chekuri Rama Rao,TELUGU,Essays
1221,2001,Hampi Nunchi Harappa Daka ,Tirumala Ramachandra,TELUGU,Autobiography
1222,2000,Kalanni Nidra Ponivvanu ,N. Gopi,TELUGU,Poetry
1223,1999,Katha Silpam ,Vallampati Venkata Subbaiah,TELUGU,Essays
1224,1998,Balivada Kantha Rao Kathalu ,Balivada Kantha Rao,TELUGU,Short Stories
1225,1997,Swapna Lipi ,Ajanta P.V. Shastri,TELUGU,Poetry
1226,1996,Kethu Vishwanatha Reddy Kathalu ,Ketu Viswanatha Reddy,TELUGU,Short Stories
1227,1995,Yajnam To Tommidi ,Kalipatnam Rama Rao,TELUGU,Short Stories
1228,1994,Kala Rekha ,Gunturu Seshendra Sharma,TELUGU,Criticism
1229,1993,Madhuranthakam Rajaram Kathalu ,Madhuranthakam Rajaram,TELUGU,Short Stories
1230,1992,Hrudaya Netri ,Malati Chendur,TELUGU,Novel
1231,1991,"Itlu, Mee Vidheyudu ",Bhamidipati Ramagopalam,TELUGU,Short Stories
1232,1990,Mohana-O-Mohana ,K. Siva Reddy,TELUGU,Poetry
1233,1989,Mani Pravalamu ,S.V. Joga Rao,TELUGU,Essays
1234,1988,Anuvaada Samasyalu ,Rachamallu Ramachandra Reddi,TELUGU,Criticism
1235,1987,Gurazada Gurupeetham ,Arudra,TELUGU,Essays
1236,1986,Andhra Sahitya Vimarsa Angla Prabhavam ,G.S. Subrahmanyam,TELUGU,Literary Criticism
1237,1985,Gaalivana ,P. Padmaraju,TELUGU,Short Stories
1238,1984,Aagama Geeti ,Aluri Bairagi,TELUGU,Poetry
1239,1983,Jeevana Samaram ,R. Bharadwaja,TELUGU,Sketches
1240,1982,Swarna Kamalaalu ,I. Saraswati Devi,TELUGU,Short Stories
1241,1981,Seeta Josyam ,V.R. Narla,TELUGU,Play
1242,1979,Janapriya Ramayanam ,P. Narayanacharya,TELUGU,Poetry
1243,1978,Collected Works of Krishna Sastri ,D.V. Krishna Sastri,TELUGU,6 Vols.
1244,1977,Kundurti Kritulu ,Kundurti Anjaneyulu,TELUGU,Poetry
1245,1975,Gudiselu Kalipotunnai ,Boyi Bhimanna,TELUGU,Poetry
1246,1974,Thimiram Tho Samaram ,Dasarathi,TELUGU,Poetry
1247,1973,Mantalu Manavudu ,C. Narayana Reddy,TELUGU,Poetry
1248,1972,Sri Sri Sahityamu ,‘Sri Sri’,TELUGU,Poetry
1249,1971,Vijayavilasamu: Hridayollasavyakhya ,Thapi Dharma Rao,TELUGU,Commentary
1250,1970,Amrutham Kurisina Rathri ,D. Balagangadhar Tilak,TELUGU,Poetry
1251,1969,Mahatama Katha ,Thummala Seetharamamurthy,TELUGU,Poetry
1252,1965,Misra Manjari ,Rayaprolu Subbarao,TELUGU,Poetry
1253,1964,Kreestu Charitra ,G. Joshua,TELUGU,Poetry
1254,1963,Panditha Parameshwara Sastry Veelunama ,T. Gopichand,TELUGU,Novel
1255,1962,Viswanadha Madhyakkaralu ,Vishwanadha Satyanarayana,TELUGU,Poetry
1256,1961,Andhra Vaggeyakara Charitramu ,Balanthrapu Rajanikantha Rao,TELUGU,A History of Telugu Composers and Song Writers
1257,1960,Natyasastramu ,Ponangi Srirama Apparavu,TELUGU,A History of Bharata’s Natyasastra
1258,1957,Sri Ramakrishnuni Jivita Charitra ,Chirantanananda Swami,TELUGU,Biography
1259,1956,Bharariya Tatva Sastramu ,Bulusu Venkateswaralu,TELUGU,Translation of Dr. Radhakrishnan’s History of Indian Philosophy
1260,1955,Andhrula Sanghike Charitamu ,Suravaram Pratap Reddy,TELUGU,Social history
1261,2023,Rajdev Ki Amrai ,Sadiqua Nawab Saher,URDU,Novel
1262,2022,Khwab Saraab ,Anis Ashfaq,URDU,Novel
1263,2021,Taza Hawa Ki Tabishen ,Chander Bhan Khayal,URDU,Poetry
1264,2020,Amawas Main Khwab ,HussainulHaque,URDU,Novel
1265,2019,Sawaneh-E-Sir Syed: Ek Bazdeed ,Shafey Kidwai,URDU,Biography
1266,2018,Rohzin ,Rahman Abbas,URDU,Novel
1267,2017,Dakhma ,Baig Ehsas,URDU,Short Stories
1268,2016,Mabad-e-Jadidiat Se Naye Ahed Ki Takhliqiyat Tak ,Nizam Siddiqui,URDU,Criticism
1269,2015,Tasawwuf Aur Bhakti ,Shamim Tariq,URDU,Tanqeedi Aur Taqabuli Mutalea
1270,2014,Shahdaba ,Munawwar Rana,URDU,Poetry
1271,2013,Lava ,Javed Akhtar,URDU,Poetry
1272,2012,Ghurfa-i-Ghaib ,Krishna Kumar Toor,URDU,Poetry
1273,2011,Aafaaq Ki Taraf ,Khaleel Mamoon,URDU,Poetry
1274,2010,Gumshuda Dair Ki Gunjati Ghantiyan ,Sheen Kaaf Nizam,URDU,Poetry
1275,2009,Ma-assirTanqidi Rawayye ,Abul Kalam Qasmi,URDU,Criticism
1276,2008,Pencil Aur Doosn Nazmein ,Jayant Parmar,URDU,Poetry
1277,2007,Tareekh-e-Adab-e-Urdu ,Wahab Ashrafi,URDU,Criticism
1278,2006,Rasta Aur Main ,Makhmoor Saeedi,URDU,Poetry
1279,2005,Ret Per Khema ,Jabir Husain,URDU,Memoirs
1280,2004,Shikasta Buton Ke Darmiyan ,Salam Bin Razzak,URDU,Short Stories
1281,2003,Badd-E-Saba Ka Intizar ,Syed Muhammad Ashraf,URDU,Short Stories
1282,2002,Dhuan ,Gulzar,URDU,Short Stories
1283,2001,Taoos Chaman Ki Maina ,Naiyer Masud,URDU,Short Stories
1284,2000,Sookhi Tahni Par Hariyal ,Mohd. Idrees Ambar Bahraichi,URDU,Poetry
1285,1999,Aas ,Bashir Badr,URDU,Poetry
1286,1998,Khoya Hua Sa Kuchh ,Nida Fazli,URDU,Poetry
1287,1997,Gian Singh Shatir ,Gian Singh Shatir,URDU,Novel
1288,1996,Fire Area ,Ilyas Ahmad Gaddi,URDU,Novel
1289,1995,"Sakhtiyat, Pas-Sakhtiyat Aur Mashriqi Sheriyat ",Gopi Chand Narang,URDU,Literary Criticism
1290,1994,Pichhle Mausam Ka Phool ,Mazhar Imam,URDU,Poetry
1291,1993,Pakheru ,Ram Lall,URDU,Short Stories
1292,1992,Chautha Aasmaan ,Mohammed Alvi,URDU,Poetry
1293,1991,Identity Card ,Salahuddin Pervez,URDU,Novel
1294,1990,Do Gaz Zameen ,Abdus Samad,URDU,Novel
1295,1989,Baaz Goyi ,Surendra Prakash,URDU,Short Stories
1296,1988,Aatish-e-Chinar ,Sheikh Muhammad Abdullah,URDU,Autobiography
1297,1987,Khwab Ka Dar Band Hai ,A.M.K. Shahryar,URDU,Poetry
1298,1986,Tanquidi Afkar ,Shamsur Rahman Faruqi,URDU,Literary Criticism
1299,1985,Parindon Bhara Asmaan ,Balraj Komal,URDU,Poetry
1300,1984,Iqbal Ki Nazari-o-Amali Sheriyat ,Masud Husain Khan,URDU,Criticism
1301,1983,Tazkirah-e-Muasirin ,Malik Ram,URDU,4th Play
1302,1982,Zikr-O-Fikr ,Gian Chand Jain,URDU,Literary Criticism
1303,1980,Iqbal Ki Terah Nazmen ,A.A. Ansari,URDU,Literary Criticism
1304,1979,Nawa-e-Awara ,Gulam Rabbani Taban,URDU,Poetry
1305,1978,Hafiz aur Iqbal ,Yusuf Husain Khan,URDU,Criticism
1306,1976,Khak-e-Dil ,Jan Nisar Akhtar,URDU,Poetry
1307,1975,Awara Sajde ,Kaifi Azmi,URDU,Poetry
1308,1974,Nazar aur Nazariya ,Ale Ahmed Suroor,URDU,Literary Criticism
1309,1971,Ghalib Ki Shakhsiyat aur Shairi ,Rasheed Ahmad Siddiqui,URDU,Literary Criticism
1310,1970,Lahoo Ke Phool ,Hayatullah Ansari,URDU,Novel
1311,1969,Bisat-Raqs ,Makhdum Mohiuddin,URDU,Poetry
1312,1967,Patjhar Ki Awaz ,Qurratulain Hyder,URDU,Short Stories
1313,1965,Ek Chadar Maili Si ,Rajinder Singh Bedi,URDU,Novelette
1314,1964,Meri Hadis-e-Umr-e-Gurezan ,Anand Narain Mulla,URDU,Poetry
1315,1963,Aandhi Mein Chiragh ,K.G. Saiyidain,URDU,Sketches
1316,1962,Yadein ,AktharulIman,URDU,Poetry
1317,1961,Diwan-i-Ghalib ,Imtiaz Ali ‘Arshi’,URDU,A critical edition of Ghalib’s Poetry
1318,1960,Gul-i-Naghma ,‘Firaq Gorakhpuri’ Raghupati Sahay,URDU,Poetry
1319,1959,Urdu Drama aur Stage ,Syed Masud Hasan Rizvi,URDU,History of Urdu drama and stage
1320,1958,Atish-i-Gul ,‘Jigar Muradabadi’ Ali Sikandar,URDU,Poetry
1321,1957,Mir Taqi Mir ,K.A. Faruqui,URDU,Literary Criticism
1322,1956,Qaumi Tehzib Ka Masala ,S. Abid Hussain,URDU,A survey of Indian culture
1323,1955,Maal aur Mashiyat ,Zafar Hussain Khan,URDU,Philosophical Treatise
